0.0,0.9312074780464172,0.9565710425376892,0.9969363212585449,0.9937936067581177,0.9959383606910706,0.15407031774520874,0.21885815262794495,0.8348032832145691,0.08942817151546478,0.21530096232891083,0.8463692665100098,0.09008711576461792,0.20989683270454407,0.845039963722229
0.0,0.9309144616127014,0.9555214643478394,0.996931254863739,0.9937952160835266,0.9959399104118347,0.1533477008342743,0.21754518151283264,0.8346262574195862,0.08941270411014557,0.21369747817516327,0.8460090756416321,0.08944132924079895,0.2079262137413025,0.8447156548500061
0.0,0.9309922456741333,0.9544344544410706,0.9969256520271301,0.9937986731529236,0.995942234992981,0.15238866209983826,0.21552646160125732,0.8343253135681152,0.08935640752315521,0.212199866771698,0.8456803560256958,0.08905816078186035,0.2063421607017517,0.8444280624389648
0.0,0.9312189221382141,0.9535935521125793,0.9969201683998108,0.9938048124313354,0.9959471821784973,0.1521441638469696,0.2138824462890625,0.833972692489624,0.08893042802810669,0.20996728539466858,0.8452569842338562,0.08872324228286743,0.20494294166564941,0.8441740274429321
0.0,0.9313643574714661,0.9523950815200806,0.9969091415405273,0.9938012361526489,0.9959455132484436,0.1522107571363449,0.21254152059555054,0.8336317539215088,0.08865761756896973,0.20783741772174835,0.8448272347450256,0.08834129571914673,0.20364171266555786,0.8439515233039856
0.0,0.9312785267829895,0.9513763189315796,0.9969027638435364,0.9938018321990967,0.99594646692276,0.1518574357032776,0.21056610345840454,0.833220362663269,0.08855932950973511,0.20596261322498322,0.8444198966026306,0.08799371123313904,0.20249813795089722,0.8437572121620178
0.0,0.9313174486160278,0.9501757621765137,0.9968957304954529,0.9937981963157654,0.9959447383880615,0.1516517549753189,0.20857632160186768,0.8327754735946655,0.08851778507232666,0.2044500857591629,0.8440842032432556,0.08755454421043396,0.20131078362464905,0.8435712456703186
0.0,0.9314301013946533,0.9491415023803711,0.9968915581703186,0.9937902688980103,0.995940625667572,0.15189096331596375,0.20700731873512268,0.8323430418968201,0.08876830339431763,0.20305874943733215,0.8437196612358093,0.08680734038352966,0.20005178451538086,0.8434299230575562
0.0,0.93149334192276,0.9483350515365601,0.9968859553337097,0.9937844276428223,0.9959378838539124,0.15196749567985535,0.20560526847839355,0.831984281539917,0.08884327113628387,0.20170973241329193,0.8433976769447327,0.08642652630805969,0.19941440224647522,0.8433569669723511
0.0,0.9312763214111328,0.9475305080413818,0.9968798160552979,0.9937581419944763,0.9959222674369812,0.1522214412689209,0.2041422426700592,0.8315747380256653,0.08885055780410767,0.20008233189582825,0.8430264592170715,0.08611220121383667,0.19890126585960388,0.8433002233505249
0.0,0.9309600591659546,0.947279155254364,0.9968736171722412,0.9937228560447693,0.9959009885787964,0.1524905562400818,0.2027685046195984,0.8311830759048462,0.08894526958465576,0.1991964876651764,0.842805027961731,0.08567717671394348,0.19773095846176147,0.843116819858551
0.0,0.9306970834732056,0.9473151564598083,0.9968690872192383,0.9936990737915039,0.9958869814872742,0.15276671946048737,0.20133790373802185,0.8307766318321228,0.08894793689250946,0.1985515058040619,0.8426576852798462,0.08523741364479065,0.1960420310497284,0.8428175449371338
0.0,0.9304104447364807,0.9468512535095215,0.9968717098236084,0.9936859607696533,0.9958792328834534,0.15325221419334412,0.2003001570701599,0.8304224610328674,0.08896142244338989,0.1977962702512741,0.8424824476242065,0.08479511737823486,0.1936517059803009,0.8423604965209961
0.0,0.9303504228591919,0.9466395378112793,0.9968739748001099,0.9936557412147522,0.9958615303039551,0.15339474380016327,0.19949546456336975,0.8301960825920105,0.08908352255821228,0.1966012418270111,0.8421857357025146,0.08445471525192261,0.19167187809944153,0.841977059841156
0.0,0.9304066896438599,0.9463351964950562,0.9968744516372681,0.9936515092849731,0.99586021900177,0.15370552241802216,0.19881829619407654,0.8299665451049805,0.08936013281345367,0.19482947885990143,0.8417267799377441,0.0843578577041626,0.19096991419792175,0.841834306716919
0.0,0.9305206537246704,0.9455660581588745,0.9968762397766113,0.9936417937278748,0.9958547353744507,0.15398743748664856,0.19793638586997986,0.8296917676925659,0.0896131843328476,0.19295814633369446,0.8412491679191589,0.08412158489227295,0.1892036497592926,0.8414788246154785
0.0,0.9302144050598145,0.9445101618766785,0.9968802332878113,0.9936321973800659,0.9958491921424866,0.15425893664360046,0.1965298354625702,0.8292893171310425,0.0897010862827301,0.1919725090265274,0.8410062193870544,0.08391901850700378,0.18806737661361694,0.8412585258483887
0.0,0.930049479007721,0.9423770308494568,0.9968908429145813,0.9936221241950989,0.9958435297012329,0.1545315384864807,0.19483357667922974,0.8288160562515259,0.0899093747138977,0.19051839411258698,0.8406322598457336,0.08408257365226746,0.1879548728466034,0.841199517250061
0.0,0.9299014210700989,0.9402600526809692,0.9968996047973633,0.993611216545105,0.9958372116088867,0.1547287106513977,0.19353127479553223,0.8284540176391602,0.09001146256923676,0.18878935277462006,0.8402168154716492,0.08421379327774048,0.1883528232574463,0.8412617444992065
0.0,0.9298842549324036,0.9383405447006226,0.9969087839126587,0.9936069846153259,0.9958354234695435,0.15438587963581085,0.191718190908432,0.8280776739120483,0.08999176323413849,0.1881670206785202,0.8400771021842957,0.08409065008163452,0.18812254071235657,0.8412327766418457
0.0,0.9299009442329407,0.9369001388549805,0.9969139099121094,0.9936113357543945,0.9958388209342957,0.1545945405960083,0.19006481766700745,0.8276267647743225,0.09000122547149658,0.18816031515598297,0.8400737047195435,0.0838300883769989,0.18759456276893616,0.8411630392074585
0.0,0.929980456829071,0.935476541519165,0.9969184994697571,0.9936214089393616,0.995846152305603,0.1545262485742569,0.18896642327308655,0.8273699283599854,0.08994913101196289,0.18800494074821472,0.8400485515594482,0.08356860280036926,0.18731415271759033,0.8411487340927124
0.0,0.9301049709320068,0.9344353675842285,0.9969220161437988,0.9936294555664062,0.995851993560791,0.15457980334758759,0.1887700855731964,0.8273098468780518,0.0898265391588211,0.18762874603271484,0.8399862051010132,0.08332851529121399,0.18675917387008667,0.8410680890083313
0.0,0.9303904175758362,0.9321810007095337,0.9969239234924316,0.9936374425888062,0.9958583116531372,0.154547318816185,0.18859747052192688,0.8272746205329895,0.08963960409164429,0.18734939396381378,0.8399587869644165,0.08314782381057739,0.18643194437026978,0.8410277962684631
0.0,0.9306243658065796,0.9304801821708679,0.9969258308410645,0.9936447739601135,0.9958640336990356,0.15451964735984802,0.188373863697052,0.8272253274917603,0.08930738270282745,0.18677745759487152,0.8398932218551636,0.08285027742385864,0.18531489372253418,0.8408311605453491
0.0,0.930497407913208,0.9278625249862671,0.9969246983528137,0.9936556816101074,0.9958731532096863,0.1541958451271057,0.18803218007087708,0.8272073268890381,0.08939257264137268,0.18650022149085999,0.8398135304450989,0.08270642161369324,0.1849277913570404,0.8407707810401917
0.0,0.9300262928009033,0.9240613579750061,0.996914803981781,0.993644654750824,0.9958671927452087,0.15359213948249817,0.1873856484889984,0.827172040939331,0.08952802419662476,0.18606263399124146,0.8396856784820557,0.08261746168136597,0.1846083104610443,0.8407151103019714
0.0,0.9296547174453735,0.921039879322052,0.9969038963317871,0.9936349987983704,0.9958624243736267,0.15361224114894867,0.1870487928390503,0.8270848393440247,0.08969449996948242,0.18569737672805786,0.8395686149597168,0.08250263333320618,0.18426471948623657,0.8406589031219482
0.0,0.929422914981842,0.9181811809539795,0.9968991875648499,0.9936383962631226,0.9958664178848267,0.1536659151315689,0.1866445541381836,0.8269745707511902,0.08974063396453857,0.1853332668542862,0.839476466178894,0.08241945505142212,0.1839994490146637,0.8406137228012085
0.0,0.9293811321258545,0.9165589809417725,0.9968949556350708,0.9936498403549194,0.9958754181861877,0.15341423451900482,0.18604862689971924,0.8268788456916809,0.0898459404706955,0.18502964079380035,0.839385449886322,0.08229157328605652,0.183374285697937,0.8404967784881592
0.0,0.9293319582939148,0.9154004454612732,0.9968970417976379,0.9936595559120178,0.9958825707435608,0.15290194749832153,0.18538767099380493,0.8268214464187622,0.08993160724639893,0.18470314145088196,0.8392934799194336,0.08217054605484009,0.18264394998550415,0.8403538465499878
0.0,0.9291681051254272,0.9138095378875732,0.9968968033790588,0.9936655163764954,0.9958877563476562,0.15272049605846405,0.18492650985717773,0.8267452120780945,0.08992908895015717,0.1841593086719513,0.8391687273979187,0.08207285404205322,0.18158268928527832,0.8401311039924622
0.0,0.9291242957115173,0.9134777784347534,0.9968979358673096,0.9936810731887817,0.9958983659744263,0.15256093442440033,0.1845003068447113,0.8266720771789551,0.09000688791275024,0.18352366983890533,0.839007556438446,0.0820152759552002,0.1803778111934662,0.8398672938346863
0.0,0.9291312098503113,0.9134131669998169,0.9968988299369812,0.993695080280304,0.9959081411361694,0.15242235362529755,0.1839756965637207,0.8265717029571533,0.08995980024337769,0.1824563592672348,0.8387718796730042,0.08297494053840637,0.18042874336242676,0.8396835923194885
0.0,0.9291538000106812,0.9129135608673096,0.9968958497047424,0.9937097430229187,0.9959191679954529,0.15249617397785187,0.18346071243286133,0.8264294862747192,0.08983008563518524,0.18106281757354736,0.8384775519371033,0.08572301268577576,0.17959046363830566,0.838944137096405
0.0,0.9290959239006042,0.9122936129570007,0.996895968914032,0.9937155842781067,0.9959245920181274,0.15209174156188965,0.18243712186813354,0.8262606859207153,0.08986558020114899,0.18098023533821106,0.8384521007537842,0.08890613913536072,0.1780562400817871,0.8379524946212769
0.0,0.9290854334831238,0.9117825627326965,0.996895432472229,0.9937264919281006,0.9959331154823303,0.15167543292045593,0.18112662434577942,0.8260229825973511,0.09037217497825623,0.18061910569667816,0.8382673859596252,0.09202167391777039,0.17663365602493286,0.8369973301887512
0.0,0.9291584491729736,0.9108598828315735,0.9968984723091125,0.9937416911125183,0.995943546295166,0.1512283831834793,0.18058684468269348,0.8259812593460083,0.09069359302520752,0.18004730343818665,0.8380720019340515,0.09525913000106812,0.1750473976135254,0.8359750509262085
0.0,0.9291913509368896,0.9099020957946777,0.9968996644020081,0.9937446713447571,0.9959467649459839,0.1508466899394989,0.18011775612831116,0.8259446620941162,0.09109224379062653,0.17941127717494965,0.8378456830978394,0.09838050603866577,0.17355036735534668,0.8349955081939697
0.0,0.929329514503479,0.9087010025978088,0.9968978762626648,0.9937463998794556,0.9959491491317749,0.15043599903583527,0.17952686548233032,0.8258835673332214,0.09150534868240356,0.17868511378765106,0.8375953435897827,0.10118517279624939,0.17204084992408752,0.8340716361999512
0.0,0.9293514490127563,0.9083921313285828,0.9968938231468201,0.9937452673912048,0.9959498643875122,0.15022937953472137,0.1788381040096283,0.8257564306259155,0.09202335774898529,0.17786481976509094,0.8373019695281982,0.10311189293861389,0.17090949416160583,0.8334134817123413
0.0,0.9293776154518127,0.9090466499328613,0.9968962073326111,0.9937189221382141,0.9959354996681213,0.15023712813854218,0.17817389965057373,0.8255906105041504,0.09259559214115143,0.17694209516048431,0.836973249912262,0.10470190644264221,0.1699296534061432,0.8328592777252197
0.0,0.9292450547218323,0.9098343849182129,0.9968940615653992,0.9937107563018799,0.9959322214126587,0.1503761261701584,0.17744627594947815,0.8253812789916992,0.09310062229633331,0.1759588122367859,0.8366445302963257,0.10615110397338867,0.16893097758293152,0.8323268890380859
0.0,0.9293060302734375,0.9102439284324646,0.9968903660774231,0.9937025904655457,0.9959296584129333,0.1505649834871292,0.17657038569450378,0.8251243829727173,0.09487229585647583,0.1746922731399536,0.8359930515289307,0.10754004120826721,0.1678580939769745,0.8317893147468567
0.0,0.9293424487113953,0.9099172353744507,0.9968738555908203,0.9937270283699036,0.9959485530853271,0.15069694817066193,0.17494162917137146,0.8246936798095703,0.09862394630908966,0.17245757579803467,0.8347136378288269,0.1105181872844696,0.16605988144874573,0.8307498693466187
0.0,0.929302453994751,0.909893274307251,0.9968710541725159,0.9937319755554199,0.995952844619751,0.1508096605539322,0.17449837923049927,0.8245596289634705,0.09973748028278351,0.1716952621936798,0.8343091011047363,0.11190548539161682,0.16537317633628845,0.8303001523017883
0.0,0.9291248321533203,0.909363329410553,0.9968620538711548,0.9937493205070496,0.9959659576416016,0.15114367008209229,0.17376956343650818,0.8243080377578735,0.10259969532489777,0.1701062023639679,0.8333539366722107,0.11451175808906555,0.16400283575057983,0.8294336199760437
0.0,0.9287919402122498,0.9085177779197693,0.9968551397323608,0.99375981092453,0.9959738254547119,0.15156972408294678,0.1728779673576355,0.8239967823028564,0.10688622295856476,0.16835027933120728,0.8320652842521667,0.11717882752418518,0.1626153290271759,0.8285472393035889
0.0,0.928534209728241,0.9084504842758179,0.9968486428260803,0.9937660694122314,0.9959791302680969,0.1521553248167038,0.17192915081977844,0.8236376047134399,0.11135965585708618,0.16660895943641663,0.8307347297668457,0.12017565965652466,0.16117101907730103,0.8275762796401978
0.0,0.9282229542732239,0.9094927310943604,0.9968439340591431,0.9937660694122314,0.9959803819656372,0.15303342044353485,0.17088714241981506,0.8231923580169678,0.11579671502113342,0.16497468948364258,0.8294312953948975,0.12332743406295776,0.15967285633087158,0.8265535831451416
0.0,0.9279226660728455,0.9111682176589966,0.9968427419662476,0.9937701225280762,0.9959834814071655,0.15394768118858337,0.1699064075946808,0.8227543830871582,0.12036566436290741,0.16347083449363708,0.8281263709068298,0.12644371390342712,0.15820130705833435,0.825543224811554
0.0,0.9275661110877991,0.9116140604019165,0.996843695640564,0.9937672019004822,0.9959824681282043,0.15577247738838196,0.16861137747764587,0.8220430016517639,0.124947190284729,0.16198894381523132,0.8268172740936279,0.12927791476249695,0.15678411722183228,0.824600875377655
0.0,0.9273642301559448,0.9118369817733765,0.9968433380126953,0.9937677979469299,0.9959831237792969,0.15775397419929504,0.167350172996521,0.8213061690330505,0.12561893463134766,0.16119429469108582,0.8264851570129395,0.132084459066391,0.15535596013069153,0.8236589431762695
0.0,0.9271872043609619,0.9119970202445984,0.9968425631523132,0.9937714338302612,0.9959859251976013,0.15982910990715027,0.16612663865089417,0.8205576539039612,0.12849433720111847,0.1597970426082611,0.8255445957183838,0.1339060366153717,0.15412646532058716,0.8229718804359436
0.0,0.9271008968353271,0.9119418859481812,0.9968420267105103,0.9937725067138672,0.9959864020347595,0.16082605719566345,0.16517332196235657,0.8201044201850891,0.13115344941616058,0.15826639533042908,0.8246135711669922,0.13598421216011047,0.15282636880874634,0.8222111463546753
0.0,0.9270360469818115,0.9119532108306885,0.99684077501297,0.9937747120857239,0.9959879517555237,0.16180655360221863,0.16414475440979004,0.8196359276771545,0.13329853117465973,0.15686377882957458,0.8238191604614258,0.1379050612449646,0.15149655938148499,0.821472704410553
0.0,0.9268022775650024,0.9121758937835693,0.9968391060829163,0.9937773942947388,0.9959901571273804,0.1636706292629242,0.1626250147819519,0.8188508749008179,0.13489213585853577,0.15560191869735718,0.8231737017631531,0.1393355131149292,0.150079607963562,0.8208167552947998
0.0,0.9264510273933411,0.9124051928520203,0.9968377947807312,0.9937835335731506,0.9959943294525146,0.16459108889102936,0.161447674036026,0.8183554410934448,0.13863423466682434,0.154046893119812,0.8219966888427734,0.14057832956314087,0.1487801969051361,0.8202278017997742
0.0,0.9260061979293823,0.9124410152435303,0.9968357682228088,0.9937931895256042,0.9960008859634399,0.16503319144248962,0.1602870523929596,0.8179661631584167,0.13879172503948212,0.1532333493232727,0.8217652440071106,0.14208585023880005,0.14738374948501587,0.8195571303367615
0.0,0.9256437420845032,0.9127137064933777,0.9968360662460327,0.9938043355941772,0.9960090517997742,0.16704615950584412,0.15874060988426208,0.8171388506889343,0.1391351819038391,0.15269356966018677,0.8215612769126892,0.14285507798194885,0.14627593755722046,0.8191159963607788
0.0,0.9255784153938293,0.9126057028770447,0.9968412518501282,0.9938154220581055,0.9960172772407532,0.16762882471084595,0.15767168998718262,0.8167405724525452,0.1393481343984604,0.1519525647163391,0.8213366866111755,0.14339090883731842,0.14540517330169678,0.8187857866287231
0.0,0.9255096316337585,0.912628173828125,0.9968408942222595,0.9938149452209473,0.9960181713104248,0.16826020181179047,0.15674805641174316,0.8163695931434631,0.13881787657737732,0.1505054533481598,0.821097731590271,0.1424298882484436,0.14515963196754456,0.8189284801483154
0.0,0.9254984855651855,0.9126288890838623,0.9968408942222595,0.9938257932662964,0.9960260987281799,0.1687653809785843,0.15573638677597046,0.8160025477409363,0.1391066163778305,0.14951959252357483,0.8207948803901672,0.13597026467323303,0.14434713125228882,0.8201276659965515
0.0,0.9254281520843506,0.9127874374389648,0.9968392252922058,0.9938325881958008,0.9960309267044067,0.1688995063304901,0.15450802445411682,0.8156606554985046,0.1373489797115326,0.1484050154685974,0.820900559425354,0.12816405296325684,0.1440645456314087,0.8217377662658691
0.0,0.9252057075500488,0.9129535555839539,0.996837317943573,0.9938402771949768,0.9960364699363708,0.169653981924057,0.15315857529640198,0.8151517510414124,0.13284943997859955,0.14698928594589233,0.8215221762657166,0.12133488059043884,0.1425064504146576,0.8228320479393005
0.0,0.9251953363418579,0.9131349325180054,0.9968348741531372,0.9938493967056274,0.9960427284240723,0.16943122446537018,0.15217098593711853,0.8149489760398865,0.12865138053894043,0.14603182673454285,0.8221880197525024,0.11631527543067932,0.14126545190811157,0.8236085772514343
0.0,0.9252436757087708,0.9128717184066772,0.9968348741531372,0.9938588738441467,0.9960493445396423,0.16812579333782196,0.1509551703929901,0.8149269223213196,0.12302383780479431,0.1442863941192627,0.8229714632034302,0.11236780881881714,0.1405995786190033,0.8242923021316528
0.0,0.9253019094467163,0.9128042459487915,0.9968348741531372,0.9938680529594421,0.9960558414459229,0.16655927896499634,0.1498834788799286,0.814998209476471,0.11988192796707153,0.1430107057094574,0.8233349919319153,0.10907343029975891,0.1398518979549408,0.824813961982727
0.0,0.9253495335578918,0.912376880645752,0.9968359470367432,0.9938755631446838,0.996060848236084,0.1642743945121765,0.1484377384185791,0.8151323199272156,0.11739026010036469,0.14216646552085876,0.8236628770828247,0.10609957575798035,0.13878580927848816,0.8251937627792358
0.0,0.9254364371299744,0.9129318594932556,0.9968364834785461,0.9938819408416748,0.9960655570030212,0.16238509118556976,0.14696729183197021,0.8151730895042419,0.1147659569978714,0.1411890685558319,0.8239870071411133,0.1036224365234375,0.13758805394172668,0.8254380822181702
0.0,0.9255942702293396,0.9141148328781128,0.9968360066413879,0.9938877820968628,0.9960694313049316,0.16071699559688568,0.14580652117729187,0.8152444362640381,0.1120692789554596,0.14004075527191162,0.8242862224578857,0.10164517164230347,0.13660860061645508,0.8256261944770813
0.0,0.9255200624465942,0.914331316947937,0.9968338012695312,0.9938987493515015,0.9960770606994629,0.1587032824754715,0.1445862054824829,0.815376341342926,0.10990442335605621,0.13883110880851746,0.8244585394859314,0.09977531433105469,0.13554120063781738,0.8257712721824646
0.0,0.9253095388412476,0.9143197536468506,0.996829092502594,0.9939153790473938,0.9960886836051941,0.1573430597782135,0.14351743459701538,0.8154045939445496,0.10835517942905426,0.13764968514442444,0.8245056867599487,0.09829309582710266,0.13452240824699402,0.8258454203605652
0.0,0.9250925779342651,0.9143528938293457,0.9968240857124329,0.9939286112785339,0.9960979223251343,0.15607714653015137,0.14234551787376404,0.815385103225708,0.10722367465496063,0.13654255867004395,0.8244824409484863,0.09684708714485168,0.13263443112373352,0.8257076144218445
0.0,0.9247311353683472,0.9144457578659058,0.9968190789222717,0.9939414262771606,0.9961065053939819,0.15481586754322052,0.14108577370643616,0.8153440952301025,0.10631084442138672,0.13556259870529175,0.824442446231842,0.09539473056793213,0.13076171278953552,0.8255752921104431
0.0,0.9244123697280884,0.914143443107605,0.9968122839927673,0.9939457178115845,0.9961096048355103,0.15379998087882996,0.1398887038230896,0.8152645230293274,0.10578112304210663,0.13431918621063232,0.824258029460907,0.09422358870506287,0.12978973984718323,0.825594961643219
0.0,0.9242928624153137,0.9135494232177734,0.9968054890632629,0.9939531087875366,0.9961146116256714,0.15323935449123383,0.1388462483882904,0.8151245713233948,0.10499110817909241,0.1327647864818573,0.8240568041801453,0.09315094351768494,0.1286216378211975,0.8255489468574524
0.0,0.924054741859436,0.9125644564628601,0.9968006014823914,0.9939565062522888,0.9961169362068176,0.15298524498939514,0.1377333700656891,0.8148981332778931,0.10432815551757812,0.13166961073875427,0.8239365220069885,0.09210547804832458,0.12691330909729004,0.8253704309463501
0.0,0.9237714409828186,0.9116009473800659,0.9967944025993347,0.9939680695533752,0.9961247444152832,0.15265899896621704,0.13629457354545593,0.814606249332428,0.10382424294948578,0.13067111372947693,0.8238047361373901,0.09118935465812683,0.12564218044281006,0.8252651691436768
0.0,0.9232912063598633,0.9103896617889404,0.9967883229255676,0.9939785003662109,0.996131956577301,0.1523464322090149,0.13507890701293945,0.814367413520813,0.1027851551771164,0.12888434529304504,0.823601484298706,0.09026318788528442,0.12426480650901794,0.8251384496688843
0.0,0.9230075478553772,0.9089282155036926,0.9967824220657349,0.9939827919006348,0.9961351752281189,0.1521071493625641,0.13391181826591492,0.8141255974769592,0.10171756148338318,0.1270618736743927,0.8233959078788757,0.08951681852340698,0.1231389045715332,0.8250331878662109
0.0,0.922644853591919,0.9072927236557007,0.9967758059501648,0.9939814805984497,0.9961349368095398,0.1515696793794632,0.1323675811290741,0.8138549327850342,0.10130302608013153,0.12586671113967896,0.8231982588768005,0.08880436420440674,0.12160027027130127,0.824822723865509
0.0,0.922225832939148,0.9055023193359375,0.9967702031135559,0.9939799308776855,0.9961342215538025,0.15122874081134796,0.1307550072669983,0.813522219657898,0.1004258394241333,0.12436360120773315,0.8230284452438354,0.08824118971824646,0.12016037106513977,0.8246030211448669
0.0,0.9219117760658264,0.904109001159668,0.9967641234397888,0.9939757585525513,0.9961321353912354,0.15092776715755463,0.12928864359855652,0.8132179379463196,0.09909527003765106,0.12258374691009521,0.8228908777236938,0.0876900851726532,0.1186475157737732,0.824364423751831
0.0,0.9216017127037048,0.9015706777572632,0.9967595934867859,0.9939693808555603,0.9961285591125488,0.1504397690296173,0.12772011756896973,0.812929630279541,0.09896703064441681,0.12123355269432068,0.8225948214530945,0.0870770812034607,0.11725693941116333,0.8241688013076782
0.0,0.9209569096565247,0.8998920917510986,0.9967491030693054,0.9939614534378052,0.9961240291595459,0.14994923770427704,0.1260833442211151,0.8126247525215149,0.09893220663070679,0.11984679102897644,0.8222700953483582,0.0863986611366272,0.11510682106018066,0.8238089680671692
0.0,0.9204593300819397,0.8990143537521362,0.9967370629310608,0.9939549565315247,0.9961206912994385,0.14976350963115692,0.12456810474395752,0.8122819662094116,0.09895147383213043,0.11858949065208435,0.8219637870788574,0.08573812246322632,0.11321255564689636,0.8235054016113281
0.0,0.9197989106178284,0.8981263637542725,0.9967247843742371,0.9939480423927307,0.9961162209510803,0.14991702139377594,0.12258541584014893,0.8117446899414062,0.09858810901641846,0.11599695682525635,0.8214218020439148,0.0851341187953949,0.11159303784370422,0.8232531547546387
0.0,0.9194676876068115,0.897728443145752,0.996715784072876,0.9939458966255188,0.9961152076721191,0.15009526908397675,0.12168312072753906,0.8114748001098633,0.09830398857593536,0.11445116996765137,0.8211137056350708,0.08473131060600281,0.11026892066001892,0.8230277895927429
0.0,0.9189825057983398,0.8963677287101746,0.9967036843299866,0.9939450621604919,0.9961147904396057,0.15020009875297546,0.11991918087005615,0.8110020160675049,0.09810493886470795,0.11284437775611877,0.8207708597183228,0.08412906527519226,0.10798832774162292,0.822621762752533
0.0,0.9181709885597229,0.8947181701660156,0.9966917634010315,0.9939458966255188,0.9961153864860535,0.1498638540506363,0.11755403876304626,0.8104775547981262,0.09783688187599182,0.11075907945632935,0.8203296661376953,0.08373603224754333,0.10683506727218628,0.8224349021911621
0.0,0.9173025488853455,0.8937140703201294,0.996677041053772,0.9939476251602173,0.9961165189743042,0.1499355137348175,0.11565524339675903,0.8099778890609741,0.09722159802913666,0.10804316401481628,0.8198133111000061,0.08325076103210449,0.10481444001197815,0.8220633268356323
0.0,0.9164445996284485,0.8931170105934143,0.9966646432876587,0.9939509630203247,0.9961186647415161,0.1500723958015442,0.11371183395385742,0.8094515800476074,0.09672911465167999,0.10601526498794556,0.8194347620010376,0.08280575275421143,0.10269716382026672,0.8216599822044373
0.0,0.9160885810852051,0.8934946060180664,0.9966523051261902,0.9939488768577576,0.996117353439331,0.15000437200069427,0.11134836077690125,0.8088646531105042,0.09619086980819702,0.10376930236816406,0.8190138339996338,0.08245554566383362,0.10102713108062744,0.8213422298431396
0.0,0.9156060218811035,0.8933590650558472,0.9966429471969604,0.9939473867416382,0.9961163997650146,0.14998683333396912,0.10922011733055115,0.8083253502845764,0.0957278162240982,0.10152903199195862,0.818576991558075,0.08478280901908875,0.09944349527359009,0.8204445838928223
0.0,0.914808988571167,0.8939080238342285,0.9966303110122681,0.9939448237419128,0.9961152672767639,0.14945362508296967,0.10681843757629395,0.8078359365463257,0.09490099549293518,0.09935334324836731,0.8182372450828552,0.08884629607200623,0.09752956032752991,0.8190773725509644
0.0,0.9140122532844543,0.8943765759468079,0.9966138601303101,0.9939379692077637,0.996112585067749,0.1481827199459076,0.10394391417503357,0.8073959350585938,0.09503865242004395,0.09811389446258545,0.8179067969322205,0.09303396940231323,0.09570559859275818,0.8176987171173096
0.0,0.9133718013763428,0.8950932025909424,0.9965904355049133,0.9939419627189636,0.9961162209510803,0.14767304062843323,0.10168430209159851,0.806935727596283,0.09521946310997009,0.0971580445766449,0.8176345825195312,0.0973687469959259,0.09403470158576965,0.8163198828697205
0.0,0.9124044179916382,0.8966594934463501,0.9965704083442688,0.993945837020874,0.9961194396018982,0.14779651165008545,0.10015934705734253,0.8065167665481567,0.09542927145957947,0.09634256362915039,0.8173907399177551,0.10139709711074829,0.09252399206161499,0.815043032169342
0.0,0.9118630290031433,0.897845983505249,0.9965508580207825,0.993959367275238,0.9961288571357727,0.14804019033908844,0.09897276759147644,0.8061555027961731,0.09584727883338928,0.09561499953269958,0.8171210289001465,0.10526573657989502,0.09120583534240723,0.8138466477394104
0.0,0.9113314747810364,0.8994448184967041,0.9965283870697021,0.993969202041626,0.9961360692977905,0.14802254736423492,0.0978814959526062,0.8058798909187317,0.09604787826538086,0.09497344493865967,0.8169198632240295,0.1087820827960968,0.0900372862815857,0.8127615451812744
0.0,0.9109863042831421,0.9008687734603882,0.9965072274208069,0.9939864277839661,0.9961476922035217,0.14808043837547302,0.09696191549301147,0.8056303858757019,0.09626780450344086,0.09433802962303162,0.8167169094085693,0.11159947514533997,0.08914577960968018,0.8119019269943237
0.0,0.910483717918396,0.9024214744567871,0.9964832663536072,0.9940064549446106,0.996161937713623,0.1480693817138672,0.09610757231712341,0.8054133057594299,0.09652207791805267,0.09373506903648376,0.8165130615234375,0.11401021480560303,0.08842965960502625,0.8111764192581177
0.0,0.9097870588302612,0.9037425518035889,0.9964637756347656,0.994028627872467,0.9961777925491333,0.14806725084781647,0.09531217813491821,0.8052096962928772,0.09660446643829346,0.09309667348861694,0.8163406848907471,0.11595416069030762,0.08774667978286743,0.8105635046958923
0.0,0.9091796278953552,0.9054304361343384,0.996446967124939,0.9940465688705444,0.9961901307106018,0.14818276464939117,0.09461143612861633,0.8050031661987305,0.0966411828994751,0.09254896640777588,0.8161988854408264,0.11756494641304016,0.0871506929397583,0.8100480437278748
0.0,0.9085479378700256,0.9075074195861816,0.9964275360107422,0.9940667748451233,0.9962049126625061,0.14820241928100586,0.09395566582679749,0.8048290014266968,0.09662650525569916,0.09208321571350098,0.8160896897315979,0.11874541640281677,0.0866905152797699,0.8096641898155212
0.0,0.9080764651298523,0.9098348021507263,0.9964174628257751,0.994094967842102,0.9962236881256104,0.1482182741165161,0.09324035048484802,0.8046417236328125,0.09659914672374725,0.0915611982345581,0.8159692883491516,0.11966472864151001,0.08628690242767334,0.8093544244766235
0.0,0.9077373147010803,0.9113988876342773,0.9964109659194946,0.994114339351654,0.9962366819381714,0.1482694000005722,0.09270855784416199,0.8044942021369934,0.09689296782016754,0.09114673733711243,0.8158021569252014,0.12060701847076416,0.08583909273147583,0.8090271949768066
0.0,0.907558798789978,0.9124348759651184,0.9964011907577515,0.9941306710243225,0.996247410774231,0.1483348160982132,0.09221777319908142,0.8043525218963623,0.09711740911006927,0.0907813310623169,0.8156633377075195,0.12188434600830078,0.08533382415771484,0.8086071610450745
0.0,0.9075317978858948,0.9133174419403076,0.9963945150375366,0.9941460490226746,0.9962579607963562,0.14796356856822968,0.0915459394454956,0.8042663931846619,0.09758555889129639,0.09029415249824524,0.8154386281967163,0.12317195534706116,0.08492156863212585,0.8082097172737122
0.0,0.9075497388839722,0.9139436483383179,0.9963895082473755,0.9941609501838684,0.9962677955627441,0.14813050627708435,0.09115847945213318,0.8041279315948486,0.09793376922607422,0.08988681435585022,0.8152608275413513,0.12449315190315247,0.08450552821159363,0.8078019022941589
0.0,0.9074975252151489,0.9147586822509766,0.996384859085083,0.9941733479499817,0.9962758421897888,0.14854033291339874,0.09070324897766113,0.8039149641990662,0.09889191389083862,0.08930665254592896,0.8149033784866333,0.12577185034751892,0.08409005403518677,0.807403564453125
0.0,0.9072622060775757,0.9157196283340454,0.9963765144348145,0.99419105052948,0.996288537979126,0.14868029952049255,0.09034430980682373,0.8037903904914856,0.09938649833202362,0.08889564871788025,0.8146916627883911,0.12762568891048431,0.0837048888206482,0.8068784475326538
0.0,0.9070380330085754,0.9163137674331665,0.9963731169700623,0.9942103028297424,0.9963013529777527,0.1489579975605011,0.09001418948173523,0.8036398887634277,0.09992639720439911,0.08849260210990906,0.8144711852073669,0.1296151876449585,0.08333206176757812,0.8063250780105591
0.0,0.9068174362182617,0.9168926477432251,0.9963667988777161,0.9942267537117004,0.9963124394416809,0.14911000430583954,0.08974912762641907,0.8035366535186768,0.10066196322441101,0.08808699250221252,0.8142057657241821,0.12435069680213928,0.07971596717834473,0.8066611886024475
0.0,0.9067214727401733,0.9171308279037476,0.9963575005531311,0.9942448139190674,0.9963250160217285,0.14928774535655975,0.08944520354270935,0.8034160733222961,0.10140855610370636,0.08773085474967957,0.8139497637748718,0.11910024285316467,0.07844811677932739,0.8075631856918335
0.0,0.9066194295883179,0.9172157049179077,0.9963537454605103,0.9942612648010254,0.9963363409042358,0.1495315134525299,0.08915352821350098,0.8032841682434082,0.10072430968284607,0.08664920926094055,0.813842236995697,0.11535048484802246,0.07779332995414734,0.8082684278488159
0.0,0.9065237045288086,0.9171864986419678,0.9963524341583252,0.9942697286605835,0.9963418245315552,0.14982935786247253,0.08886799216270447,0.8031409978866577,0.09972591698169708,0.08564487099647522,0.8138248324394226,0.11240476369857788,0.07688865065574646,0.808725118637085
0.0,0.9063981175422668,0.9169999361038208,0.9963517189025879,0.9942751526832581,0.9963456392288208,0.14958100020885468,0.08815640211105347,0.8030160665512085,0.09873418509960175,0.08508855104446411,0.8139134049415588,0.1101529598236084,0.07649463415145874,0.8091452121734619
0.0,0.9061391949653625,0.9166310429573059,0.9963513612747192,0.994286835193634,0.9963529706001282,0.14915230870246887,0.08732470870018005,0.8029018640518188,0.09738646447658539,0.0841546356678009,0.8139926195144653,0.10845136642456055,0.0765129029750824,0.8095406889915466
0.0,0.9059310555458069,0.9165356755256653,0.9963502883911133,0.9942998290061951,0.9963617920875549,0.14863908290863037,0.086701899766922,0.8028621673583984,0.09622514247894287,0.08325979113578796,0.8140391111373901,0.10716450214385986,0.076499342918396,0.8098322153091431
0.0,0.9054685831069946,0.9167086482048035,0.996349573135376,0.9943082332611084,0.9963671565055847,0.1480158120393753,0.0859932005405426,0.8028252124786377,0.09515748918056488,0.0825381875038147,0.8141066431999207,0.10598704218864441,0.07649993896484375,0.810102641582489
0.0,0.9048276543617249,0.9164247512817383,0.9963496923446655,0.994314968585968,0.9963718056678772,0.1474141925573349,0.0852469801902771,0.8027745485305786,0.09422357380390167,0.08214861154556274,0.814222514629364,0.1050749123096466,0.0763883888721466,0.8102836608886719
0.0,0.9039413928985596,0.9162580966949463,0.9963490962982178,0.9943199753761292,0.9963751435279846,0.14687013626098633,0.08458656072616577,0.8027327060699463,0.09348641335964203,0.08199915289878845,0.8143526315689087,0.10434481501579285,0.07634088397026062,0.8104393482208252
0.0,0.9032818078994751,0.9161220788955688,0.9963489174842834,0.9943217039108276,0.9963762760162354,0.14648930728435516,0.08415651321411133,0.802710235118866,0.09305299818515778,0.08181881904602051,0.8144060373306274,0.10372787714004517,0.0763375461101532,0.810579776763916
0.0,0.9027369618415833,0.9156157970428467,0.9963489174842834,0.9943224191665649,0.9963766932487488,0.14610403776168823,0.0838993489742279,0.8027344942092896,0.09236617386341095,0.08130389451980591,0.8144365549087524,0.10327708721160889,0.07625788450241089,0.810663640499115
0.0,0.9020411372184753,0.9170166850090027,0.9963489174842834,0.9943251013755798,0.9963786005973816,0.14602601528167725,0.08375731110572815,0.8027160167694092,0.09182532131671906,0.08100694417953491,0.8144871592521667,0.10283410549163818,0.07618525624275208,0.8107478618621826
0.0,0.9016684293746948,0.9183533191680908,0.996349036693573,0.994324803352356,0.9963784217834473,0.1456221342086792,0.08335620164871216,0.8027071952819824,0.09127277135848999,0.08059602975845337,0.8145127296447754,0.10249596834182739,0.07615101337432861,0.8108165264129639
0.0,0.9013772010803223,0.9190543293952942,0.9963489770889282,0.994324266910553,0.9963778853416443,0.14561043679714203,0.08317247033119202,0.8026629090309143,0.09085959196090698,0.08022990822792053,0.8145180344581604,0.10220509767532349,0.07611191272735596,0.8108733892440796
0.0,0.9011088609695435,0.919218897819519,0.9963489770889282,0.994324266910553,0.9963778257369995,0.14533638954162598,0.08280244469642639,0.8026312589645386,0.09039054811000824,0.07992902398109436,0.8145505785942078,0.10193288326263428,0.0760670006275177,0.8109252452850342
0.0,0.9006573557853699,0.9190680980682373,0.9963484406471252,0.9943245649337769,0.9963780045509338,0.14534024894237518,0.0825759768486023,0.8025716543197632,0.0900593101978302,0.07970057427883148,0.8145701885223389,0.1015600860118866,0.07596129179000854,0.8109845519065857
0.0,0.9000481963157654,0.918249249458313,0.9963473677635193,0.9943240880966187,0.9963780045509338,0.1452256441116333,0.08232191205024719,0.8025330901145935,0.08982688188552856,0.07951588928699493,0.8145785331726074,0.10123705863952637,0.07586300373077393,0.8110341429710388
0.0,0.8994684219360352,0.9181109070777893,0.9963477849960327,0.9943239688873291,0.9963776469230652,0.14487390220165253,0.0819551944732666,0.802521824836731,0.08957113325595856,0.07933840155601501,0.8145931363105774,0.10096213221549988,0.07575586438179016,0.8110700845718384
0.0,0.8988760709762573,0.9185286164283752,0.9963474869728088,0.9943237900733948,0.9963775873184204,0.14453238248825073,0.08163022994995117,0.8025181293487549,0.0893760621547699,0.07923443615436554,0.8146111965179443,0.10070955753326416,0.07570484280586243,0.8111164569854736
0.0,0.898215651512146,0.9190471172332764,0.9963473677635193,0.9943243265151978,0.9963779449462891,0.1445433646440506,0.08150240778923035,0.8024826049804688,0.08923539519309998,0.07904690504074097,0.8145979046821594,0.10009366273880005,0.07559025287628174,0.8112280964851379
0.0,0.8974292278289795,0.9193879961967468,0.9963476657867432,0.9943251609802246,0.9963785409927368,0.14416389167308807,0.08129805326461792,0.8025189638137817,0.08907514810562134,0.07881717383861542,0.8145784139633179,0.09932282567024231,0.07540935277938843,0.8113613128662109
0.0,0.896848201751709,0.9198627471923828,0.9963479042053223,0.9943275451660156,0.9963799715042114,0.14413413405418396,0.08113974332809448,0.8024848699569702,0.08895422518253326,0.07864144444465637,0.8145636320114136,0.09821504354476929,0.07490071654319763,0.8114920258522034
0.0,0.8964257836341858,0.9201475381851196,0.9963483214378357,0.9943286180496216,0.9963807463645935,0.14398807287216187,0.08083510398864746,0.802440881729126,0.08895561099052429,0.0786132961511612,0.8145555853843689,0.09716174006462097,0.0743398666381836,0.8115966320037842
0.0,0.8959695100784302,0.9206058979034424,0.9963492155075073,0.9943293929100037,0.9963813424110413,0.14359109103679657,0.08043798804283142,0.8024321794509888,0.08886796236038208,0.0784551352262497,0.8145378828048706,0.09630462527275085,0.07408392429351807,0.8117313981056213
0.0,0.8954355716705322,0.9210586547851562,0.996349573135376,0.9943305253982544,0.9963822364807129,0.14326466619968414,0.08023309707641602,0.802456259727478,0.08872745931148529,0.07810291647911072,0.8144841194152832,0.09538370370864868,0.07370361685752869,0.8118499517440796
0.0,0.8948695063591003,0.921757161617279,0.9963496327400208,0.9943304657936096,0.9963821172714233,0.1429167240858078,0.07999265193939209,0.802476167678833,0.08880628645420074,0.07798886299133301,0.8144384622573853,0.09464764595031738,0.07349702715873718,0.8119667768478394
0.0,0.8944108486175537,0.9218485355377197,0.9963505864143372,0.9943307638168335,0.9963824152946472,0.14255331456661224,0.07960665225982666,0.8024627566337585,0.088939368724823,0.07778662443161011,0.8143593072891235,0.09404164552688599,0.07343733310699463,0.8120905160903931
0.0,0.8939700126647949,0.9222326278686523,0.9963502883911133,0.9943318963050842,0.9963831901550293,0.14241378009319305,0.07933324575424194,0.8024248480796814,0.088930144906044,0.07763120532035828,0.8143242001533508,0.09361490607261658,0.07342785596847534,0.8121860027313232
0.0,0.893463134765625,0.9228788614273071,0.9963501691818237,0.994332492351532,0.9963837265968323,0.14238551259040833,0.07907429337501526,0.8023649454116821,0.0889384001493454,0.07758316397666931,0.8143103718757629,0.09312611818313599,0.0732656717300415,0.8122586011886597
0.0,0.8929252028465271,0.9232809543609619,0.9963500499725342,0.9943320155143738,0.996383547782898,0.1422356367111206,0.07878744602203369,0.8023260235786438,0.08905813097953796,0.07750752568244934,0.8142644166946411,0.09267467260360718,0.07316190004348755,0.8123359084129333
0.0,0.8924660086631775,0.9233260154724121,0.9963499307632446,0.994331419467926,0.9963831305503845,0.14222514629364014,0.07864052057266235,0.8022910952568054,0.08910748362541199,0.07739594578742981,0.8142256736755371,0.09231510758399963,0.07305985689163208,0.8123939037322998
0.0,0.8918130993843079,0.9231035113334656,0.9963494539260864,0.9943307638168335,0.9963825941085815,0.1422228217124939,0.07855165004730225,0.8022688031196594,0.08915664255619049,0.07718691229820251,0.8141647577285767,0.09195482730865479,0.07277712225914001,0.8124076724052429
0.0,0.8912851214408875,0.9232593774795532,0.9963476061820984,0.9943286180496216,0.9963810443878174,0.1421198546886444,0.07837679982185364,0.8022485375404358,0.08916391432285309,0.07705435156822205,0.8141304850578308,0.09157654643058777,0.07249891757965088,0.8124270439147949
0.0,0.8907749652862549,0.9235786199569702,0.9963431358337402,0.9943259358406067,0.9963794350624084,0.14198918640613556,0.07811358571052551,0.8022109866142273,0.08910767734050751,0.07671865820884705,0.8140625357627869,0.09119579195976257,0.07225492596626282,0.8124561309814453
0.0,0.8900280594825745,0.924043595790863,0.9963371157646179,0.9943224191665649,0.9963773488998413,0.14198483526706696,0.0779329240322113,0.8021664023399353,0.08899635076522827,0.07637104392051697,0.8140029907226562,0.0908680260181427,0.07205915451049805,0.8124837279319763
0.0,0.8893346190452576,0.9244087934494019,0.9963321685791016,0.9943175315856934,0.9963740706443787,0.1418476402759552,0.07759642601013184,0.8021116256713867,0.08893755078315735,0.07598567008972168,0.8139235973358154,0.09061196446418762,0.07189378142356873,0.8125014305114746
0.0,0.8883424401283264,0.9242255091667175,0.9963258504867554,0.9943145513534546,0.9963722229003906,0.14153607189655304,0.07720881700515747,0.8020848035812378,0.08898486196994781,0.07588198781013489,0.8138880133628845,0.09025168418884277,0.07165887951850891,0.812526524066925
0.0,0.8878322243690491,0.9243122339248657,0.9963209629058838,0.9943132400512695,0.9963712692260742,0.141568124294281,0.07693207263946533,0.802006721496582,0.08905716240406036,0.07574668526649475,0.8138380646705627,0.08995962142944336,0.07151663303375244,0.8125596046447754
0.0,0.8872419595718384,0.9242448210716248,0.996317446231842,0.9943147301673889,0.9963724613189697,0.14180226624011993,0.07671311497688293,0.8018949031829834,0.08908224105834961,0.07547357678413391,0.8137661218643188,0.08964875340461731,0.07133749127388,0.8125870227813721
0.0,0.8864317536354065,0.9238675832748413,0.9963161945343018,0.9943158626556396,0.9963731169700623,0.14206677675247192,0.07649141550064087,0.8017750382423401,0.08916071057319641,0.07528480887413025,0.8137028217315674,0.08937257528305054,0.071343332529068,0.8126517534255981
0.0,0.8854770064353943,0.9224514961242676,0.9963151812553406,0.9943166375160217,0.99637371301651,0.14228475093841553,0.07624480128288269,0.8016600608825684,0.08923067152500153,0.07506269216537476,0.8136328458786011,0.0890762209892273,0.07132381200790405,0.8127143979072571
0.0,0.8843461275100708,0.9208561182022095,0.9963095784187317,0.9943167567253113,0.996374249458313,0.1425885558128357,0.07595518231391907,0.801513671875,0.08925622701644897,0.0749845802783966,0.813607931137085,0.08884865045547485,0.07150408625602722,0.8128104209899902
0.0,0.8839388489723206,0.9192549586296082,0.9963026642799377,0.9943162202835083,0.9963741302490234,0.14266358315944672,0.07573655247688293,0.8014401793479919,0.08929900825023651,0.07487893104553223,0.8135725259780884,0.0885545015335083,0.0718279480934143,0.8129558563232422
0.0,0.8836727142333984,0.9188362956047058,0.9963007569313049,0.9943153858184814,0.9963736534118652,0.1426873505115509,0.0756157636642456,0.8014034032821655,0.0891817957162857,0.07491183280944824,0.8136069178581238,0.08829113841056824,0.07196652889251709,0.8130489587783813
0.0,0.8832882046699524,0.9183216691017151,0.9962984919548035,0.9943102598190308,0.9963704347610474,0.14275126159191132,0.07551130652427673,0.8013607263565063,0.08924441039562225,0.07497307658195496,0.8136065602302551,0.0879870057106018,0.07203242182731628,0.8131347894668579
0.0,0.8828885555267334,0.9171514511108398,0.9962979555130005,0.994308352470398,0.9963693022727966,0.1427534520626068,0.07550168037414551,0.8013575077056885,0.08929266035556793,0.07495906949043274,0.8135925531387329,0.08768787980079651,0.07208997011184692,0.8132174611091614
0.0,0.8823603987693787,0.9160139560699463,0.9962977766990662,0.9943051338195801,0.9963673949241638,0.1427696943283081,0.07551401853561401,0.8013569116592407,0.08943839371204376,0.0749407410621643,0.8135551810264587,0.08742544054985046,0.07200410962104797,0.8132562041282654
0.0,0.8820697665214539,0.9155092239379883,0.9962973594665527,0.9943044185638428,0.9963668584823608,0.14278876781463623,0.07551500201225281,0.8013530969619751,0.08959822356700897,0.07493841648101807,0.8135178089141846,0.0870915949344635,0.07188534736633301,0.8133037090301514
0.0,0.8819679021835327,0.9150047302246094,0.9962967038154602,0.9943003058433533,0.996364176273346,0.1430351585149765,0.07551988959312439,0.8012965321540833,0.08970716595649719,0.07484933733940125,0.8134714961051941,0.08689337968826294,0.07185214757919312,0.8133405447006226
0.0,0.8818827867507935,0.9147933721542358,0.9962964653968811,0.9942966103553772,0.9963620901107788,0.1430436074733734,0.07551944255828857,0.8012946844100952,0.08972489833831787,0.07466050982475281,0.8134214878082275,0.08677196502685547,0.07187104225158691,0.8133734464645386
0.0,0.8817631602287292,0.9146192073822021,0.9962949752807617,0.9942929148674011,0.996359646320343,0.14315979182720184,0.07545369863510132,0.8012498617172241,0.08985799551010132,0.07456475496292114,0.8133673071861267,0.08667165040969849,0.07188719511032104,0.8134006857872009
0.0,0.8817171454429626,0.9145828485488892,0.9962934851646423,0.9942886829376221,0.9963571429252625,0.14321009814739227,0.07535600662231445,0.8012133240699768,0.08971469104290009,0.0745440423488617,0.8133957982063293,0.08650743961334229,0.07175692915916443,0.8134064078330994
0.0,0.8817085027694702,0.9145535230636597,0.9962933659553528,0.9942870736122131,0.9963558912277222,0.1433379352092743,0.07524743676185608,0.8011555671691895,0.08962662518024445,0.07459396123886108,0.8134272694587708,0.08637860417366028,0.07165470719337463,0.8134112358093262
0.0,0.8817125558853149,0.9146060943603516,0.9962946176528931,0.9942812323570251,0.9963520765304565,0.1432991772890091,0.07519865036010742,0.801152229309082,0.08918944001197815,0.07422032952308655,0.8134366869926453,0.08624136447906494,0.07147789001464844,0.8134000301361084
0.0,0.8817167282104492,0.9146620035171509,0.9962947964668274,0.9942792654037476,0.9963508248329163,0.1432916224002838,0.07520252466201782,0.8011542558670044,0.08904778957366943,0.07413583993911743,0.8134488463401794,0.08621972799301147,0.07144185900688171,0.8133967518806458
0.0,0.8817480802536011,0.9149573445320129,0.9962957501411438,0.9942807555198669,0.9963513612747192,0.14324726164340973,0.07513812184333801,0.8011485934257507,0.08878928422927856,0.07401980459690094,0.8134785890579224,0.086139976978302,0.07130542397499084,0.8133822083473206
0.0,0.881782054901123,0.9152329564094543,0.9962979555130005,0.9942777752876282,0.9963492155075073,0.14314265549182892,0.07503104209899902,0.8011462688446045,0.08847439289093018,0.07371751964092255,0.8134773969650269,0.08609378337860107,0.07127180695533752,0.8133847117424011
0.0,0.8818468451499939,0.9156738519668579,0.9962995648384094,0.9942704439163208,0.9963439106941223,0.14303651452064514,0.07493904232978821,0.8011473417282104,0.0882628858089447,0.07355408370494843,0.8134858012199402,0.08605283498764038,0.07123291492462158,0.8133848905563354
0.0,0.8819915652275085,0.9161847233772278,0.9963001608848572,0.9942654371261597,0.9963401556015015,0.14294731616973877,0.07479563355445862,0.801131010055542,0.08807811141014099,0.07346126437187195,0.8135051727294922,0.0860222578048706,0.07119929790496826,0.8133832812309265
0.0,0.8820829391479492,0.9167723655700684,0.996301531791687,0.9942574501037598,0.996334433555603,0.14288054406642914,0.07467874884605408,0.801116406917572,0.08787877857685089,0.0733269602060318,0.8135181069374084,0.08601430058479309,0.0712035596370697,0.8133862018585205
0.0,0.8822770118713379,0.9174323081970215,0.9963022470474243,0.9942601919174194,0.9963356256484985,0.14280009269714355,0.07457998394966125,0.8011104464530945,0.08767294883728027,0.07323116064071655,0.813541829586029,0.08601236343383789,0.07120028138160706,0.8133859038352966
0.0,0.8824615478515625,0.9178876280784607,0.9963046908378601,0.9942606091499329,0.9963352680206299,0.1427338719367981,0.07450580596923828,0.8011068105697632,0.08750887215137482,0.07313579320907593,0.813555896282196,0.0860103964805603,0.07118788361549377,0.8133838772773743
0.0,0.8826892971992493,0.9182289838790894,0.996305525302887,0.9942593574523926,0.9963347911834717,0.14268244802951813,0.07444992661476135,0.8011043071746826,0.08727970719337463,0.07296374440193176,0.8135667443275452,0.08601275086402893,0.07118916511535645,0.8133828639984131
0.0,0.8829138278961182,0.9183248281478882,0.9963080883026123,0.9942548274993896,0.9963312745094299,0.14262983202934265,0.07439282536506653,0.8011020421981812,0.08709481358528137,0.07291726768016815,0.813596785068512,0.0860130786895752,0.07118991017341614,0.813382625579834
0.0,0.8831295371055603,0.918122410774231,0.9963095188140869,0.994251549243927,0.9963290691375732,0.14269061386585236,0.07434117794036865,0.8010745644569397,0.08694282174110413,0.07286320626735687,0.8136186003684998,0.086008220911026,0.07118469476699829,0.813382625579834
0.0,0.8832644820213318,0.9178649187088013,0.9963094592094421,0.9942453503608704,0.996324896812439,0.14280109107494354,0.07429197430610657,0.8010354042053223,0.08714334666728973,0.07282830774784088,0.813564658164978,0.08597981929779053,0.07116320729255676,0.8133844137191772
0.0,0.8832865953445435,0.917561411857605,0.9963100552558899,0.9942406415939331,0.9963216781616211,0.14289185404777527,0.0742419958114624,0.8010011315345764,0.08728174865245819,0.07279197871685028,0.8135238289833069,0.08592334389686584,0.07115349173545837,0.8133952617645264
0.0,0.8833542466163635,0.9169837236404419,0.9963122010231018,0.9942375421524048,0.996319591999054,0.143445685505867,0.07409241795539856,0.8008319139480591,0.08718346059322357,0.0728072077035904,0.813549280166626,0.08585888147354126,0.07118397951126099,0.8134176731109619
0.0,0.8834334015846252,0.916498064994812,0.9963139295578003,0.9942336082458496,0.9963173866271973,0.14405161142349243,0.07397937774658203,0.8006590008735657,0.08696581423282623,0.07270947098731995,0.8135755658149719,0.0858096182346344,0.07119536399841309,0.8134309649467468
0.0,0.8835251927375793,0.9162264466285706,0.9963165521621704,0.994230329990387,0.9963150024414062,0.14402800798416138,0.07395979762077332,0.8006598353385925,0.08683566749095917,0.07266472280025482,0.8135945796966553,0.08576840162277222,0.07120776176452637,0.8134431838989258
0.0,0.8835870027542114,0.9160840511322021,0.9963188171386719,0.994230329990387,0.9963149428367615,0.14405278861522675,0.07393258810043335,0.8006465435028076,0.08667990565299988,0.07269246876239777,0.8136356472969055,0.0857178270816803,0.07125154137611389,0.8134655356407166
0.0,0.8836395144462585,0.9161142110824585,0.9963203072547913,0.9942272901535034,0.9963128566741943,0.14407780766487122,0.07390695810317993,0.8006334900856018,0.0865822285413742,0.07269258797168732,0.8136581182479858,0.08560830354690552,0.07132571935653687,0.8135080933570862
0.0,0.8836835622787476,0.9161783456802368,0.9963216185569763,0.9942249655723572,0.9963112473487854,0.14408200979232788,0.07390224933624268,0.8006316423416138,0.0864759236574173,0.0727049857378006,0.8136855363845825,0.08546024560928345,0.07132008671760559,0.8135401606559753
0.0,0.8837419152259827,0.916260838508606,0.9963235855102539,0.9942246079444885,0.9963114261627197,0.14408712089061737,0.07389873266220093,0.8006293773651123,0.08637264370918274,0.07278832793235779,0.8137288689613342,0.08533209562301636,0.07150399684906006,0.8136141896247864
0.0,0.8838639259338379,0.9163126945495605,0.9963251352310181,0.9942242503166199,0.9963110089302063,0.14409418404102325,0.07389599084854126,0.8006269335746765,0.0863252729177475,0.07281965017318726,0.8137466311454773,0.08520334959030151,0.07156306505203247,0.8136574029922485
0.0,0.8839741349220276,0.9165446758270264,0.9963258504867554,0.9942232966423035,0.9963101148605347,0.14415417611598969,0.07393422722816467,0.8006229996681213,0.08624248206615448,0.07291127741336823,0.8137873411178589,0.08513560891151428,0.0716056227684021,0.8136826157569885
0.0,0.8840866088867188,0.9170227646827698,0.9963260293006897,0.9942196011543274,0.9963079690933228,0.14409814774990082,0.07396769523620605,0.800645112991333,0.08622577786445618,0.07291628420352936,0.8137927055358887,0.08509305119514465,0.07161930203437805,0.8136959075927734
0.0,0.8842744827270508,0.9179381728172302,0.9963256120681763,0.9942163825035095,0.9963057041168213,0.14399860799312592,0.07403501868247986,0.8006859421730042,0.08620230853557587,0.07294289767742157,0.8138044476509094,0.08505266904830933,0.07163998484611511,0.81371009349823
0.0,0.8844639658927917,0.9186699390411377,0.996325671672821,0.9942147731781006,0.9963046312332153,0.14402776956558228,0.07405787706375122,0.8006841540336609,0.08606359362602234,0.07294665277004242,0.8138361573219299,0.08501771092414856,0.0716407299041748,0.8137186169624329
0.0,0.8846539258956909,0.9194751977920532,0.9963261485099792,0.9942100644111633,0.9963014125823975,0.14411315321922302,0.07409662008285522,0.8006747364997864,0.0858820229768753,0.07283709943294525,0.8138515949249268,0.08501103520393372,0.07169526815414429,0.8137334585189819
0.0,0.8848397731781006,0.9199240207672119,0.9963265657424927,0.99420565366745,0.9962990283966064,0.144175723195076,0.07412031292915344,0.8006653189659119,0.08570531010627747,0.0728694498538971,0.8138986825942993,0.08499747514724731,0.07171404361724854,0.8137410283088684
0.0,0.8849488496780396,0.9201704263687134,0.9963269233703613,0.9942033886909485,0.9962974786758423,0.1445256620645523,0.07412418723106384,0.8005840182304382,0.08554844558238983,0.07287929952144623,0.8139375448226929,0.08495599031448364,0.07173970341682434,0.8137577176094055
0.0,0.8850193619728088,0.9202982783317566,0.9963278770446777,0.9942006468772888,0.996295690536499,0.1445220410823822,0.07412338256835938,0.8005844950675964,0.08543500304222107,0.07294760644435883,0.8139787912368774,0.0849485695362091,0.07176664471626282,0.8137654662132263
0.0,0.8850777745246887,0.9203153848648071,0.9963292479515076,0.9941964149475098,0.9962928891181946,0.14435511827468872,0.07412046194076538,0.80062335729599,0.0853472352027893,0.07296867668628693,0.8140037655830383,0.08494558930397034,0.07182750105857849,0.8137816786766052
0.0,0.885166585445404,0.9202806949615479,0.9963300228118896,0.994192361831665,0.9962902069091797,0.14414307475090027,0.07416209578514099,0.8006840348243713,0.08523084223270416,0.07295534014701843,0.8140267133712769,0.0849733054637909,0.07189610600471497,0.8137916326522827
0.0,0.8853135704994202,0.9202920198440552,0.996330976486206,0.9941899180412292,0.9962883591651917,0.14417095482349396,0.07417920231819153,0.8006817102432251,0.08522890508174896,0.07296285033226013,0.8140294551849365,0.0850023627281189,0.0720100998878479,0.813813328742981
0.0,0.8853663802146912,0.920222282409668,0.9963317513465881,0.9941879510879517,0.9962871670722961,0.1441151648759842,0.07419303059577942,0.8006977438926697,0.08525612950325012,0.07300271093845367,0.8140329718589783,0.08503445982933044,0.07209542393684387,0.8138265609741211
0.0,0.8855087757110596,0.9200683832168579,0.9963325262069702,0.9941877722740173,0.9962870478630066,0.14400345087051392,0.07422846555709839,0.8007331490516663,0.08523866534233093,0.0730786919593811,0.8140542507171631,0.08505263924598694,0.07213729619979858,0.8138331174850464
0.0,0.8859849572181702,0.919611394405365,0.9963350296020508,0.9941889643669128,0.9962877035140991,0.14386887848377228,0.0742826759815216,0.8007792830467224,0.08526584506034851,0.07311515510082245,0.8140567541122437,0.08508405089378357,0.07220840454101562,0.8138421177864075
0.0,0.8863797783851624,0.9191738367080688,0.9963374137878418,0.9941866397857666,0.9962862730026245,0.1436065137386322,0.07438430190086365,0.8008666634559631,0.08521457016468048,0.07316310703754425,0.8140802979469299,0.08511218428611755,0.0722709596157074,0.8138521313667297
0.0,0.8865318298339844,0.9189246892929077,0.9963399171829224,0.9941867589950562,0.9962866306304932,0.1436016708612442,0.07440680265426636,0.8008735179901123,0.08513644337654114,0.07323683798313141,0.8141155242919922,0.08515536785125732,0.07240042090415955,0.8138722777366638
0.0,0.8867753148078918,0.9186369180679321,0.9963411092758179,0.9941874146461487,0.9962866306304932,0.14360617101192474,0.07442352175712585,0.8008774518966675,0.08503589034080505,0.07327808439731598,0.8141478300094604,0.0851980447769165,0.07254660129547119,0.8138982057571411
0.0,0.8873775601387024,0.9180124998092651,0.9963412284851074,0.9941876530647278,0.9962868690490723,0.14357246458530426,0.07445713877677917,0.8008930683135986,0.0849682092666626,0.07336816191673279,0.8141846060752869,0.0852651298046112,0.07272416353225708,0.8139252662658691
0.0,0.8877939581871033,0.9176254272460938,0.9963406920433044,0.994189441204071,0.9962879419326782,0.14357078075408936,0.0744749903678894,0.8008983135223389,0.08493918180465698,0.07352133095264435,0.814228355884552,0.08527907729148865,0.0728347897529602,0.813949704170227
0.0,0.8881067037582397,0.9172418713569641,0.9963408708572388,0.994190514087677,0.9962884783744812,0.14357098937034607,0.07451257109642029,0.800908625125885,0.08485828340053558,0.07378976047039032,0.8143112063407898,0.08531010150909424,0.0729583203792572,0.8139728307723999
0.0,0.8888048529624939,0.9163792133331299,0.9963414669036865,0.9941895008087158,0.9962880611419678,0.14374402165412903,0.07467833161354065,0.8009097576141357,0.08482213318347931,0.07387883961200714,0.8143402934074402,0.08529400825500488,0.0730418860912323,0.8139964938163757
0.0,0.8895776271820068,0.9153411388397217,0.9963417649269104,0.994189977645874,0.9962882995605469,0.14375661313533783,0.07481569051742554,0.8009423017501831,0.08478988707065582,0.07403343915939331,0.8143843412399292,0.08512210845947266,0.07312336564064026,0.8140546083450317
0.0,0.8903635740280151,0.913990318775177,0.9963421821594238,0.9941900372505188,0.9962884187698364,0.14375732839107513,0.074887216091156,0.8009604811668396,0.0847589522600174,0.07415008544921875,0.8144195675849915,0.08493006229400635,0.0731867253780365,0.8141133785247803
0.0,0.8911527991294861,0.9127389192581177,0.9963419437408447,0.9941892623901367,0.9962878823280334,0.14361904561519623,0.07499149441719055,0.8010197281837463,0.08492033183574677,0.07427197694778442,0.8144121170043945,0.08469536900520325,0.0735759437084198,0.8142597675323486
0.0,0.8914845585823059,0.9119459390640259,0.9963416457176208,0.9941884279251099,0.9962872862815857,0.1433931142091751,0.07514452934265137,0.801112174987793,0.08494830131530762,0.07435131072998047,0.8144253492355347,0.08451831340789795,0.07362052798271179,0.8143110275268555
0.0,0.891642153263092,0.9109616279602051,0.996343731880188,0.9941893815994263,0.996288001537323,0.14334052801132202,0.0752057433128357,0.8011406660079956,0.0849752426147461,0.07474872469902039,0.814513623714447,0.08407703042030334,0.07305112481117249,0.8142756223678589
0.0,0.8917509913444519,0.9100953340530396,0.9963489770889282,0.9941903352737427,0.9962888956069946,0.14319024980068207,0.07527047395706177,0.8011923432350159,0.08503802120685577,0.0748162567615509,0.8145163655281067,0.08383291959762573,0.07117825746536255,0.8138890266418457
0.0,0.8918684124946594,0.909346342086792,0.9963524341583252,0.9941942095756531,0.9962916970252991,0.14304551482200623,0.07543101906776428,0.8012670278549194,0.08511289954185486,0.07464414834976196,0.8144575357437134,0.08317488431930542,0.06623148918151855,0.812859833240509
0.0,0.8919936418533325,0.9084034562110901,0.9963533878326416,0.9942007660865784,0.9962959289550781,0.14300048351287842,0.07548388838768005,0.8012916445732117,0.08530823886394501,0.07419528067111969,0.8143051862716675,0.08266669511795044,0.0660364031791687,0.8129310011863708
0.0,0.8921709656715393,0.9072900414466858,0.9963546991348267,0.9942078590393066,0.9963008761405945,0.14293113350868225,0.07544407248497009,0.8012975454330444,0.08553439378738403,0.0719614177942276,0.8137170076370239,0.08214506506919861,0.06571227312088013,0.8129759430885315
0.0,0.8923153281211853,0.9059122800827026,0.996359646320343,0.9942131638526917,0.9963054656982422,0.14295098185539246,0.07523733377456665,0.8012394309043884,0.0854392796754837,0.07145927846431732,0.8136170506477356,0.08186185359954834,0.06495866179466248,0.8128613233566284
0.0,0.8924048542976379,0.9044151306152344,0.9963642358779907,0.994197428226471,0.996296763420105,0.14304083585739136,0.07411795854568481,0.8009304404258728,0.08532558381557465,0.07099083065986633,0.8135303258895874,0.08169221878051758,0.06455183029174805,0.8128045797348022
0.0,0.8926652073860168,0.9026777744293213,0.9963634610176086,0.9941689372062683,0.9962806701660156,0.14292633533477783,0.0733715295791626,0.8007649183273315,0.08524741232395172,0.0705350935459137,0.8134377598762512,0.081687331199646,0.06437763571739197,0.8127648830413818
0.0,0.8929186463356018,0.9013938903808594,0.9963629245758057,0.9941518306732178,0.9962707161903381,0.14265702664852142,0.07272708415985107,0.8006628751754761,0.08522726595401764,0.07011300325393677,0.8133405447006226,0.08152890205383301,0.06433570384979248,0.8127918839454651
0.0,0.8931990265846252,0.9001185894012451,0.9963658452033997,0.9941394925117493,0.9962638020515442,0.14241202175617218,0.07218247652053833,0.8005809783935547,0.0853939801454544,0.06977558135986328,0.8132209777832031,0.08134952187538147,0.06440916657447815,0.8128512501716614
0.0,0.8934001326560974,0.8991619348526001,0.9963737726211548,0.9941222071647644,0.996253490447998,0.14223408699035645,0.07167500257492065,0.8004927635192871,0.08547210693359375,0.0696304440498352,0.8131682872772217,0.08123701810836792,0.06446751952171326,0.8128912448883057
0.0,0.893612802028656,0.898097038269043,0.9963793158531189,0.9941128492355347,0.9962480068206787,0.14228226244449615,0.0713309645652771,0.8003923892974854,0.08549846708774567,0.06947240233421326,0.8131235241889954,0.08108159899711609,0.06442418694496155,0.8129169940948486
0.0,0.8938735127449036,0.8967831134796143,0.9963825345039368,0.9941046833992004,0.9962429404258728,0.14233440160751343,0.07112044095993042,0.8003260493278503,0.08555537462234497,0.06940186023712158,0.8130934834480286,0.08095577359199524,0.0648258626461029,0.813041627407074
0.0,0.8942276835441589,0.8942626714706421,0.9963839650154114,0.9941021203994751,0.9962416887283325,0.14240846037864685,0.07094791531562805,0.800263524055481,0.08555564284324646,0.0693211555480957,0.8130739331245422,0.0808764100074768,0.06508183479309082,0.8131213188171387
0.0,0.8947458267211914,0.8906452655792236,0.9963839650154114,0.9941022396087646,0.9962418079376221,0.1424320489168167,0.07085666060447693,0.800233781337738,0.08556462824344635,0.06933417916297913,0.813075065612793,0.08084040880203247,0.06522729992866516,0.813164234161377
0.0,0.8951976299285889,0.8883981108665466,0.9963833093643188,0.9941025376319885,0.9962416291236877,0.14234592020511627,0.07070595026016235,0.8002151250839233,0.08568543195724487,0.06945472955703735,0.8130756616592407,0.08077794313430786,0.06546977162361145,0.8132377862930298
0.0,0.8955403566360474,0.8864483833312988,0.9963822364807129,0.9941028356552124,0.9962418079376221,0.1422589272260666,0.07067000865936279,0.8002263903617859,0.08575104176998138,0.06949776411056519,0.8130708336830139,0.08076196908950806,0.06570696830749512,0.8132987022399902
0.0,0.8957321047782898,0.8851318359375,0.9963730573654175,0.9940902590751648,0.9962348937988281,0.1422615796327591,0.07067924737930298,0.8002285957336426,0.08574767410755157,0.06954693794250488,0.8130834102630615,0.08079662919044495,0.06586986780166626,0.8133291006088257
0.0,0.8958953022956848,0.8839616179466248,0.9963589310646057,0.9940683841705322,0.996221661567688,0.142276793718338,0.07070052623748779,0.8002304434776306,0.08574548363685608,0.06957855820655823,0.8130918741226196,0.08085015416145325,0.06612062454223633,0.8133776783943176
0.0,0.896152138710022,0.8825356960296631,0.9963452219963074,0.9940346479415894,0.9962008595466614,0.14228177070617676,0.07072117924690247,0.8002342581748962,0.08579850196838379,0.06957879662513733,0.8130794763565063,0.080953449010849,0.06629770994186401,0.8133970499038696
0.0,0.8964839577674866,0.8808951377868652,0.9963296055793762,0.9940025210380554,0.9961811900138855,0.14228814840316772,0.0707380473613739,0.8002378940582275,0.08592437207698822,0.06963327527046204,0.81306391954422,0.08107134699821472,0.0665222704410553,0.8134244680404663
0.0,0.8967719674110413,0.8794659376144409,0.9963148832321167,0.9939762353897095,0.9961652159690857,0.14232902228832245,0.07074522972106934,0.8002299070358276,0.08601702749729156,0.06963780522346497,0.8130441308021545,0.08127966523170471,0.06674116849899292,0.8134294748306274
0.0,0.8970272541046143,0.8779542446136475,0.9963022470474243,0.9939422607421875,0.99614417552948,0.14241129159927368,0.07076320052146912,0.8002151250839233,0.0860714465379715,0.06971719861030579,0.813050389289856,0.08146297931671143,0.06696662306785583,0.8134421110153198
0.0,0.8972177505493164,0.8772064447402954,0.9962871074676514,0.9939000606536865,0.9961183071136475,0.14249713718891144,0.07077983021736145,0.8001987338066101,0.08612911403179169,0.06975981593132019,0.8130479454994202,0.08164876699447632,0.06719157099723816,0.8134543299674988
0.0,0.8974111080169678,0.8761741518974304,0.996272623538971,0.9938563108444214,0.9960911870002747,0.14253592491149902,0.07082158327102661,0.8001998066902161,0.08623155951499939,0.06984445452690125,0.8130450248718262,0.08178895711898804,0.06732413172721863,0.8134536743164062
0.0,0.8975870609283447,0.8741030693054199,0.996261477470398,0.993828535079956,0.9960740804672241,0.14257530868053436,0.07084643840789795,0.800197184085846,0.08632127940654755,0.06993517279624939,0.8130462765693665,0.08195164799690247,0.06752932071685791,0.8134657144546509
0.0,0.8977581262588501,0.8727989792823792,0.9962460994720459,0.9938033819198608,0.9960583448410034,0.14312630891799927,0.07094863057136536,0.8000929951667786,0.08640848100185394,0.07002410292625427,0.8130471706390381,0.08211299777030945,0.0677243173122406,0.8134771585464478
0.0,0.8978180289268494,0.8716031312942505,0.9962318539619446,0.9937840104103088,0.9960461854934692,0.14365606009960175,0.0710802972316742,0.8000016212463379,0.08640317618846893,0.07014670968055725,0.8130779266357422,0.08231443166732788,0.06789502501487732,0.8134711384773254
0.0,0.8979491591453552,0.8701209425926208,0.9962143301963806,0.9937610626220703,0.9960312843322754,0.1442209780216217,0.07122796773910522,0.7999058365821838,0.08634011447429657,0.07022470235824585,0.8131116032600403,0.08249011635780334,0.06801760196685791,0.8134615421295166
0.0,0.8981186747550964,0.8682831525802612,0.9961957335472107,0.9937484264373779,0.9960236549377441,0.14466792345046997,0.07139003276824951,0.7998418807983398,0.08628609776496887,0.07030177116394043,0.8131421804428101,0.08267977833747864,0.0682438313961029,0.8134717345237732
0.0,0.8984184265136719,0.8663666248321533,0.9961775541305542,0.9937329292297363,0.9960136413574219,0.14497679471969604,0.07151517271995544,0.799801230430603,0.0862104743719101,0.07034805417060852,0.8131710290908813,0.08290237188339233,0.06856900453567505,0.813499927520752
0.0,0.898670494556427,0.8650180101394653,0.9961631894111633,0.9937217831611633,0.996006965637207,0.14516842365264893,0.07160046696662903,0.7997782826423645,0.08658531308174133,0.07056954503059387,0.8131383657455444,0.08312571048736572,0.06876429915428162,0.8134958744049072
0.0,0.8990657925605774,0.8628196716308594,0.996153712272644,0.9937183856964111,0.996005117893219,0.14531856775283813,0.0716637372970581,0.7997589707374573,0.08719851076602936,0.07084345817565918,0.8130658864974976,0.08336997032165527,0.06908267736434937,0.8135169148445129
0.0,0.8993899822235107,0.8596437573432922,0.9961447715759277,0.9937176704406738,0.9960046410560608,0.1461986005306244,0.07196816802024841,0.7996299862861633,0.08715176582336426,0.0710524320602417,0.8131263852119446,0.08360797166824341,0.0693320631980896,0.8135232925415039
0.0,0.899695873260498,0.8563451170921326,0.9961378574371338,0.9937202334403992,0.996006429195404,0.14727523922920227,0.07227328419685364,0.7994546890258789,0.08714252710342407,0.07119980454444885,0.8131638765335083,0.08383065462112427,0.06963807344436646,0.8135459423065186
0.0,0.9001469016075134,0.8551777601242065,0.9961342811584473,0.9937254786491394,0.9960098266601562,0.1476394534111023,0.0725233256816864,0.7994331121444702,0.08748726546764374,0.07143589854240417,0.8131427764892578,0.08406832814216614,0.06991103291511536,0.8135566115379333
0.0,0.9006008505821228,0.8535265922546387,0.9961321353912354,0.9937280416488647,0.9960113763809204,0.14755748212337494,0.07260593771934509,0.7994739413261414,0.08804437518119812,0.07178279757499695,0.8130998611450195,0.08426427841186523,0.07011863589286804,0.8135632276535034
0.0,0.9010583758354187,0.852350115776062,0.9961304068565369,0.9937295913696289,0.9960123300552368,0.14763078093528748,0.07272067666053772,0.7994857430458069,0.08805814385414124,0.07191634178161621,0.8131288290023804,0.08448836207389832,0.07034438848495483,0.8135662078857422
0.0,0.9013168215751648,0.851396381855011,0.9961293339729309,0.9937277436256409,0.99601149559021,0.14859439432621002,0.07314160466194153,0.7993674278259277,0.08803221583366394,0.07203108072280884,0.813162088394165,0.08478239178657532,0.07073304057121277,0.8135926723480225
0.0,0.9016287922859192,0.8508000373840332,0.9961283206939697,0.9937306046485901,0.9960130453109741,0.14858415722846985,0.0732387900352478,0.7993951439857483,0.08803555369377136,0.0721672773361206,0.8131942749023438,0.08506214618682861,0.07136064767837524,0.8136800527572632
0.0,0.9019169211387634,0.8505706787109375,0.9961315393447876,0.9937384128570557,0.9960173964500427,0.1485445648431778,0.07331621646881104,0.799424409866333,0.08791336417198181,0.07228642702102661,0.8132501840591431,0.08522766828536987,0.0717424750328064,0.8137348890304565
0.0,0.9021166563034058,0.8510422706604004,0.996132493019104,0.9937485456466675,0.9960228800773621,0.14851291477680206,0.07338324189186096,0.7994491457939148,0.08774606883525848,0.0725947916507721,0.8133619427680969,0.08540764451026917,0.07216542959213257,0.8137952089309692
0.0,0.9024142026901245,0.8507643938064575,0.996132493019104,0.9937639832496643,0.9960320591926575,0.14804761111736298,0.07356330752372742,0.7996049523353577,0.08751118183135986,0.07288375496864319,0.8134852051734924,0.08566135168075562,0.07284784317016602,0.8139022588729858
0.0,0.9028227925300598,0.8508058190345764,0.9961315989494324,0.9937822222709656,0.9960427284240723,0.14788493514060974,0.07371586561203003,0.7996830940246582,0.08766348659992218,0.07328230142593384,0.8135470151901245,0.08583292365074158,0.07333141565322876,0.81397944688797
0.0,0.9034730792045593,0.8513520359992981,0.996127724647522,0.9937900900840759,0.9960463643074036,0.14768706262111664,0.07387709617614746,0.7997715473175049,0.08786715567111969,0.07388317584991455,0.8136446475982666,0.08595949411392212,0.07356247305870056,0.8140053749084473
0.0,0.9039562344551086,0.8517751693725586,0.9961225986480713,0.993794322013855,0.9960479736328125,0.14764957129955292,0.07406285405158997,0.7998285889625549,0.08837251365184784,0.07442164421081543,0.8136606216430664,0.08595070242881775,0.07392293214797974,0.8140941858291626
0.0,0.9043163657188416,0.8520495891571045,0.9961163401603699,0.9937960505485535,0.9960479140281677,0.14763972163200378,0.07438573241233826,0.7999132871627808,0.08886879682540894,0.07476344704627991,0.8136307001113892,0.08585181832313538,0.07426691055297852,0.814199686050415
0.0,0.9044508934020996,0.852488100528717,0.9961084723472595,0.9938040971755981,0.9960521459579468,0.14770078659057617,0.0747188925743103,0.7999858856201172,0.08965599536895752,0.07517662644386292,0.8135530352592468,0.08578220009803772,0.07451650500297546,0.8142750263214111
0.0,0.9046688079833984,0.8525331020355225,0.9961055517196655,0.9938153624534607,0.9960585236549377,0.1477583646774292,0.07493335008621216,0.8000272512435913,0.08992551267147064,0.0756138265132904,0.8135974407196045,0.08568170666694641,0.07470843195915222,0.8143436312675476
0.0,0.905043363571167,0.8528248071670532,0.9961087703704834,0.9938335418701172,0.9960691332817078,0.14787906408309937,0.07512062788009644,0.8000471591949463,0.09028545022010803,0.07613399624824524,0.813640832901001,0.08558899164199829,0.07480376958847046,0.8143872618675232
0.0,0.9053856134414673,0.8534425497055054,0.9961100816726685,0.9938588738441467,0.9960841536521912,0.14791801571846008,0.07535278797149658,0.8000984191894531,0.09041193127632141,0.07647368311882019,0.8136940002441406,0.08549997210502625,0.07488653063774109,0.814426600933075
0.0,0.9057683944702148,0.8535995483398438,0.9961098432540894,0.9939094185829163,0.9961153864860535,0.14796480536460876,0.07577252388000488,0.80019611120224,0.09066836535930634,0.0768289864063263,0.8137215375900269,0.08533504605293274,0.07504686713218689,0.8145029544830322
0.0,0.9058645963668823,0.8539977073669434,0.9961098432540894,0.9939321875572205,0.9961290955543518,0.14792507886886597,0.07594320178031921,0.8002493977546692,0.09067854285240173,0.07691681385040283,0.8137409090995789,0.08524110913276672,0.07515522837638855,0.8145496249198914
0.0,0.906072735786438,0.8543273210525513,0.9961073994636536,0.9939638376235962,0.996148943901062,0.14786477386951447,0.07613620162010193,0.8003135323524475,0.09079603850841522,0.07709527015686035,0.8137568831443787,0.08512815833091736,0.0752485990524292,0.8145970702171326
0.0,0.9061381220817566,0.8544594049453735,0.9961050152778625,0.9939956068992615,0.9961685538291931,0.14777205884456635,0.07626387476921082,0.8003678917884827,0.09089948236942291,0.07725733518600464,0.8137727975845337,0.0850088894367218,0.07531574368476868,0.8146406412124634
0.0,0.9062086939811707,0.8547247648239136,0.9961010217666626,0.9940279722213745,0.9961885213851929,0.1477075070142746,0.07636159658432007,0.800408124923706,0.0910245031118393,0.07737353444099426,0.8137717247009277,0.08475711941719055,0.07541581988334656,0.8147220611572266
0.0,0.9060794711112976,0.8549911975860596,0.9960938692092896,0.9940718412399292,0.9962159395217896,0.14778265357017517,0.07648798823356628,0.8004229664802551,0.09106148779392242,0.07743608951568604,0.8137785792350769,0.08444517850875854,0.07607874274253845,0.8149491548538208
0.0,0.9060463309288025,0.8562755584716797,0.9960831999778748,0.9941151142120361,0.9962429404258728,0.14791777729988098,0.07662087678909302,0.8004261255264282,0.09108904004096985,0.0774441659450531,0.8137747049331665,0.08420509099960327,0.07607963681221008,0.8150038719177246
0.0,0.906021237373352,0.8577901124954224,0.996070384979248,0.9941455721855164,0.9962616562843323,0.14799320697784424,0.07673019170761108,0.8004361987113953,0.0912199467420578,0.07761406898498535,0.8137865662574768,0.08390301465988159,0.0762382447719574,0.8151094317436218
0.0,0.9058586359024048,0.8585147261619568,0.9960574507713318,0.9941641688346863,0.9962732195854187,0.14789359271526337,0.07678297162055969,0.800473690032959,0.09122602641582489,0.07763999700546265,0.8137906789779663,0.08361324667930603,0.07620003819465637,0.8151663541793823
0.0,0.9059526324272156,0.8594891428947449,0.996048629283905,0.9941847920417786,0.9962853789329529,0.147820383310318,0.07686907052993774,0.8005120754241943,0.09122838079929352,0.07767286896705627,0.8137980103492737,0.08332875370979309,0.07617884874343872,0.81522536277771
0.0,0.9060027003288269,0.8606346845626831,0.9960415959358215,0.9941921830177307,0.9962896704673767,0.14767228066921234,0.07695236802101135,0.8005688786506653,0.09121942520141602,0.07768338918685913,0.8138026595115662,0.0834302008152008,0.07552215456962585,0.8150454759597778
0.0,0.9061816930770874,0.8623353242874146,0.9960379600524902,0.9941951632499695,0.9962913393974304,0.14755365252494812,0.07702174782752991,0.8006142973899841,0.0912318080663681,0.07768478989601135,0.8138008713722229,0.0845133364200592,0.0733439028263092,0.8142786026000977
0.0,0.9062545895576477,0.8640763759613037,0.9960358142852783,0.9941902160644531,0.9962874054908752,0.1474055051803589,0.07707470655441284,0.8006635904312134,0.09124556183815002,0.07745856046676636,0.8137426376342773,0.08772927522659302,0.07220339775085449,0.8132659792900085
0.0,0.9063167572021484,0.8657103776931763,0.9960370659828186,0.9941872954368591,0.9962851405143738,0.14735417068004608,0.07709529995918274,0.8006801605224609,0.09154900908470154,0.07665613293647766,0.8134787082672119,0.09036135673522949,0.07328128814697266,0.8129189014434814
0.0,0.9065344929695129,0.8673421740531921,0.9960387349128723,0.9941842555999756,0.9962830543518066,0.14731499552726746,0.07703691720962524,0.8006747961044312,0.09215354919433594,0.07599547505378723,0.8131797909736633,0.09410721063613892,0.0738937258720398,0.8122156262397766
0.0,0.9068542718887329,0.8682236671447754,0.9960408210754395,0.9941784143447876,0.9962788224220276,0.1473391056060791,0.0766955018043518,0.8005799651145935,0.09268604218959808,0.07599827647209167,0.8130591511726379,0.09850400686264038,0.07445323467254639,0.8113491535186768
0.0,0.9072825312614441,0.8697800636291504,0.9960429072380066,0.9941727519035339,0.9962749481201172,0.14749117195606232,0.07623860239982605,0.8004257082939148,0.09344613552093506,0.07606804370880127,0.8129031658172607,0.09833908081054688,0.07459744811058044,0.8114214539527893
0.0,0.9075115323066711,0.8707005381584167,0.9960481524467468,0.9941658973693848,0.9962700605392456,0.1475696563720703,0.07617086172103882,0.8003895282745361,0.09487448632717133,0.07615107297897339,0.8125975131988525,0.09737306833267212,0.07773399353027344,0.8123958110809326
0.0,0.9077004790306091,0.8715606927871704,0.9960556030273438,0.9941591024398804,0.9962649941444397,0.14771190285682678,0.07615536451339722,0.8003523945808411,0.09496831893920898,0.07625854015350342,0.8126029968261719,0.09644919633865356,0.07852938771247864,0.8127983808517456
0.0,0.9078618288040161,0.8725622892379761,0.9960590600967407,0.9941532015800476,0.9962607026100159,0.14820018410682678,0.0761796236038208,0.80024254322052,0.09440311789512634,0.07752957940101624,0.8130373358726501,0.09562233090400696,0.07908353209495544,0.8131195306777954
0.0,0.9082334637641907,0.8737581968307495,0.9960617423057556,0.9941444993019104,0.996254563331604,0.14823371171951294,0.07623562216758728,0.8002492785453796,0.0938912183046341,0.07841524481773376,0.8133677840232849,0.09487968683242798,0.07942920923233032,0.8133723139762878
0.0,0.9087052941322327,0.8745262622833252,0.9960629940032959,0.9941317439079285,0.996246337890625,0.14792966842651367,0.076870858669281,0.800484299659729,0.0934128612279892,0.07894596457481384,0.8136038780212402,0.09414473176002502,0.07979291677474976,0.8136274218559265
0.0,0.9092864990234375,0.876288652420044,0.9960636496543884,0.9941242933273315,0.996241569519043,0.14748971164226532,0.07767942547798157,0.8007961511611938,0.09301351010799408,0.07920074462890625,0.8137559294700623,0.09345322847366333,0.08002561330795288,0.8138409852981567
0.0,0.9099716544151306,0.8785550594329834,0.9960644841194153,0.9941188097000122,0.996237576007843,0.14734025299549103,0.07831785082817078,0.8009945154190063,0.09296011924743652,0.07940825819969177,0.8138183355331421,0.09263896942138672,0.07988741993904114,0.8139917254447937
0.0,0.9104875922203064,0.8808884620666504,0.9960655570030212,0.9941123127937317,0.9962329864501953,0.14698271453380585,0.07869356870651245,0.8011753559112549,0.09293228387832642,0.07960057258605957,0.8138710260391235,0.09195253252983093,0.08030426502227783,0.8142478466033936
0.0,0.9107975959777832,0.8831156492233276,0.9960641264915466,0.9941041469573975,0.9962276220321655,0.14684922993183136,0.07893133163452148,0.801267683506012,0.09294396638870239,0.07966229319572449,0.8138831853866577,0.0913444459438324,0.08051177859306335,0.8144362568855286
0.0,0.9112576246261597,0.8853464126586914,0.9960629343986511,0.9940954446792603,0.9962217211723328,0.14649684727191925,0.07929328083992004,0.801443338394165,0.09296517074108124,0.07997724413871765,0.8139551281929016,0.09045246243476868,0.08089381456375122,0.8147289752960205
0.0,0.9113210439682007,0.8865163326263428,0.996062159538269,0.9940916299819946,0.996219277381897,0.14639805257320404,0.07936573028564453,0.8014856576919556,0.09297339618206024,0.08003848791122437,0.8139682412147522,0.0901961624622345,0.08107298612594604,0.8148297667503357
0.0,0.9113067388534546,0.888454794883728,0.9960599541664124,0.9940865635871887,0.9962154030799866,0.1467002034187317,0.07967320084571838,0.8014946579933167,0.0929172933101654,0.08012044429779053,0.8140002489089966,0.08970236778259277,0.08128026127815247,0.814993143081665
0.0,0.9112778306007385,0.8903385400772095,0.9960559010505676,0.9940835237503052,0.996213972568512,0.14702561497688293,0.07994526624679565,0.80148845911026,0.09287990629673004,0.08032086491584778,0.8140573501586914,0.08921670913696289,0.08157297968864441,0.8151717185974121
0.0,0.9113802909851074,0.8923165202140808,0.9960499405860901,0.9940759539604187,0.9962088465690613,0.14728014171123505,0.08018538355827332,0.8014916777610779,0.0928291529417038,0.08043783903121948,0.8140972852706909,0.08880433440208435,0.08187177777290344,0.8153361082077026
0.0,0.9116599559783936,0.8948257565498352,0.9960422515869141,0.9940670132637024,0.9962031245231628,0.14756600558757782,0.08050292730331421,0.8015060424804688,0.09273985028266907,0.08064979314804077,0.8141681551933289,0.0884016752243042,0.08208140730857849,0.8154776096343994
0.0,0.912376344203949,0.8993114829063416,0.9960291385650635,0.994060218334198,0.996198832988739,0.1478753387928009,0.08079731464385986,0.8015097379684448,0.09265105426311493,0.0809212327003479,0.8142539858818054,0.08804711699485779,0.08239328861236572,0.8156335949897766
0.0,0.9131012558937073,0.9029272794723511,0.9960188865661621,0.9940524697303772,0.9961937665939331,0.14801867306232452,0.08108183741569519,0.8015499114990234,0.09252895414829254,0.0812368392944336,0.814358115196228,0.08776217699050903,0.08265244960784912,0.8157597184181213
0.0,0.9136528968811035,0.905241072177887,0.9960079193115234,0.9940471053123474,0.9961907267570496,0.1478731632232666,0.08131927251815796,0.8016449213027954,0.09243927896022797,0.08159634470939636,0.8144651055335999,0.08751088380813599,0.08280408382415771,0.8158527612686157
0.0,0.9138272404670715,0.9063464403152466,0.9959880113601685,0.9940385818481445,0.9961860775947571,0.14776208996772766,0.0815805196762085,0.801738440990448,0.0923566222190857,0.08185777068138123,0.8145469427108765,0.08739021420478821,0.08291959762573242,0.8159075975418091
0.0,0.9139503240585327,0.9072799682617188,0.9959650635719299,0.9940358996391296,0.9961851835250854,0.14779171347618103,0.0819290280342102,0.8018213510513306,0.09230415523052216,0.08199632167816162,0.8145919442176819,0.08732351660728455,0.08300468325614929,0.815942645072937
0.0,0.9141750335693359,0.9084060192108154,0.995944619178772,0.9940268993377686,0.9961803555488586,0.14781560003757477,0.08224040269851685,0.8018962740898132,0.09221760928630829,0.08207850158214569,0.8146308064460754,0.08727902173995972,0.08305075764656067,0.81596440076828
0.0,0.9142612814903259,0.9092289805412292,0.9959196448326111,0.9940219521522522,0.996178388595581,0.14775899052619934,0.08244168758392334,0.8019610643386841,0.0920848399400711,0.08221885561943054,0.8146954774856567,0.08722677826881409,0.0830545723438263,0.8159773945808411
0.0,0.9142732620239258,0.910342812538147,0.9958993196487427,0.9940183162689209,0.9961767196655273,0.14773839712142944,0.08254411816596985,0.8019927740097046,0.09196595847606659,0.08234652876853943,0.814752995967865,0.0872022807598114,0.08306780457496643,0.8159866333007812
0.0,0.9142311811447144,0.9110199213027954,0.9958797693252563,0.9940052628517151,0.9961689710617065,0.14767803251743317,0.08264636993408203,0.8020325899124146,0.09185135364532471,0.08238530158996582,0.8147878646850586,0.0871683657169342,0.08316317200660706,0.8160168528556824
0.0,0.9141907691955566,0.9116166830062866,0.9958609342575073,0.9939970970153809,0.9961646199226379,0.1475629210472107,0.08276620507240295,0.8020911812782288,0.09169979393482208,0.08244183659553528,0.8148353695869446,0.08712121844291687,0.08320769667625427,0.8160378932952881
0.0,0.9142315983772278,0.9121204018592834,0.995843768119812,0.9939826726913452,0.9961556196212769,0.14746767282485962,0.08282852172851562,0.8021290302276611,0.09160073101520538,0.08251099288463593,0.814874529838562,0.08705979585647583,0.08325207233428955,0.8160624504089355
0.0,0.9143037796020508,0.9124757647514343,0.9958310127258301,0.9939723610877991,0.9961497187614441,0.14736494421958923,0.08287250995635986,0.8021647334098816,0.09151947498321533,0.08258016407489777,0.8149096965789795,0.08703359961509705,0.08329588174819946,0.8160781860351562
0.0,0.9143306612968445,0.9125559329986572,0.9958096146583557,0.9939703345298767,0.9961497783660889,0.14727787673473358,0.0829157829284668,0.8021961450576782,0.0914434939622879,0.08266471326351166,0.8149468898773193,0.08700919151306152,0.08331459760665894,0.8160890936851501
0.0,0.9143486618995667,0.9126696586608887,0.9957849979400635,0.9939514398574829,0.9961392283439636,0.1472143977880478,0.08295753598213196,0.8022217750549316,0.0913689136505127,0.08271190524101257,0.8149752616882324,0.08697435259819031,0.08339247107505798,0.8161152601242065
0.0,0.9143449068069458,0.9127995371818542,0.995750367641449,0.9939249157905579,0.9961239695549011,0.14714324474334717,0.08302775025367737,0.8022558689117432,0.09128253161907196,0.08274491131305695,0.8150023221969604,0.08694759011268616,0.08342385292053223,0.8161287903785706
0.0,0.9143726825714111,0.9131207466125488,0.995717465877533,0.9938706755638123,0.9960918426513672,0.14706487953662872,0.08307403326034546,0.8022859692573547,0.09120658040046692,0.08280718326568604,0.8150349259376526,0.08694133162498474,0.0834970772266388,0.8161476850509644
0.0,0.9145089387893677,0.9134902954101562,0.9956858158111572,0.9938229322433472,0.9960628747940063,0.14703546464443207,0.08309802412986755,0.8022993803024292,0.09117370843887329,0.08283261954784393,0.8150479197502136,0.08697134256362915,0.08357647061347961,0.8161593675613403
0.0,0.9147380590438843,0.9136019945144653,0.9956585764884949,0.9937698245048523,0.9960311651229858,0.14702501893043518,0.08313524723052979,0.8023113012313843,0.09108267724514008,0.0829104334115982,0.8150879144668579,0.0869680643081665,0.08359205722808838,0.8161646723747253
0.0,0.9149698615074158,0.9137687683105469,0.9956343173980713,0.9937294721603394,0.9960086941719055,0.1470489203929901,0.08317533135414124,0.802315890789032,0.09106563031673431,0.08297792077064514,0.8151080012321472,0.08700472116470337,0.08367499709129333,0.8161761164665222
0.0,0.9152147173881531,0.9140095114707947,0.9956228733062744,0.99371737241745,0.9960017800331116,0.1470225602388382,0.08323055505752563,0.802336573600769,0.09099714457988739,0.08304496109485626,0.8151390552520752,0.08692458271980286,0.08373868465423584,0.8162095546722412
0.0,0.9154192805290222,0.9140180945396423,0.9956201314926147,0.9937169551849365,0.9960020184516907,0.14701402187347412,0.08330985903739929,0.8023598790168762,0.09091000258922577,0.08313101530075073,0.8151790499687195,0.08681371808052063,0.08392709493637085,0.8162789344787598
0.0,0.9155832529067993,0.9138951897621155,0.9956182241439819,0.9937174320220947,0.9960024356842041,0.14696909487247467,0.08338716626167297,0.8023899793624878,0.09084787964820862,0.08318653702735901,0.81520676612854,0.08670032024383545,0.08405426144599915,0.8163354396820068
0.0,0.9157342910766602,0.9137660264968872,0.9956156015396118,0.993722677230835,0.9960060119628906,0.1471157819032669,0.08351448178291321,0.8023883700370789,0.09075503051280975,0.08332225680351257,0.815260112285614,0.08651947975158691,0.08418726921081543,0.8164073824882507
0.0,0.9158636331558228,0.9136865139007568,0.9956141710281372,0.9937281012535095,0.9960095286369324,0.14734850823879242,0.08364599943161011,0.8023681640625,0.09072448313236237,0.08341050148010254,0.8152891993522644,0.08632475137710571,0.08427488803863525,0.8164730072021484
0.0,0.9160797595977783,0.9134933948516846,0.9956133961677551,0.9937390685081482,0.9960167407989502,0.14745475351810455,0.0838075578212738,0.8023857474327087,0.09069858491420746,0.08361166715621948,0.8153429627418518,0.08611130714416504,0.08436393737792969,0.8165425658226013
0.0,0.916326105594635,0.9132866263389587,0.995612621307373,0.9937487840652466,0.9960231184959412,0.14760364592075348,0.08398309350013733,0.8023968935012817,0.09065516293048859,0.08378303050994873,0.8153938055038452,0.0858718752861023,0.08465787768363953,0.8166661262512207
0.0,0.9165913462638855,0.9128679037094116,0.9956135153770447,0.9937619566917419,0.9960322380065918,0.14779070019721985,0.0842394232749939,0.8024201393127441,0.09061813354492188,0.08405411243438721,0.8154672980308533,0.08563211560249329,0.08474618196487427,0.8167400360107422
0.0,0.9167090058326721,0.9125688672065735,0.9956126809120178,0.9937710165977478,0.9960384368896484,0.14783340692520142,0.0844886302947998,0.8024739027023315,0.09060369431972504,0.08442819118499756,0.8155612945556641,0.08538949489593506,0.084881991147995,0.8168265223503113
0.0,0.9167673587799072,0.9123809337615967,0.9956134557723999,0.9937808513641357,0.996045708656311,0.1479991376399994,0.08483338356018066,0.8025251626968384,0.0905417799949646,0.08458063006401062,0.8156116008758545,0.08518508076667786,0.084983229637146,0.816896378993988
0.0,0.9168238639831543,0.9121805429458618,0.9956145286560059,0.9937931895256042,0.99605393409729,0.1480947881937027,0.0851868987083435,0.8025937676429749,0.09046772122383118,0.08471283316612244,0.8156600594520569,0.08499333262443542,0.08514019846916199,0.8169776201248169
0.0,0.9168903827667236,0.9119933843612671,0.9956174492835999,0.9938011765480042,0.9960602521896362,0.14790120720863342,0.0854242742061615,0.8026995062828064,0.09043712913990021,0.08479192852973938,0.8156858086585999,0.08482205867767334,0.08527517318725586,0.8170480132102966
0.0,0.9170171022415161,0.9117661714553833,0.9956194758415222,0.9938141107559204,0.9960693120956421,0.1476728618144989,0.08563283085823059,0.8028072118759155,0.09038805961608887,0.08488881587982178,0.8157210946083069,0.08473539352416992,0.08536434173583984,0.8170899152755737
0.0,0.9171077609062195,0.911389172077179,0.9956179261207581,0.9938315749168396,0.9960824847221375,0.14759527146816254,0.08573469519615173,0.8028504848480225,0.09037841856479645,0.08505392074584961,0.8157627582550049,0.08464357256889343,0.08550941944122314,0.8171441555023193
0.0,0.9172024130821228,0.9109793901443481,0.9956119656562805,0.9938467741012573,0.9960933923721313,0.14739647507667542,0.08587813377380371,0.8029338121414185,0.09039528667926788,0.08522707223892212,0.8158005475997925,0.08455049991607666,0.08569884300231934,0.8172110319137573
0.0,0.9172254204750061,0.9100243449211121,0.9956093430519104,0.9938679337501526,0.9961084127426147,0.14725476503372192,0.08600422739982605,0.8029997944831848,0.09056511521339417,0.08544450998306274,0.8158155679702759,0.08443525433540344,0.08593669533729553,0.8172937035560608
0.0,0.9172906279563904,0.9086699485778809,0.9956101179122925,0.993883490562439,0.9961186647415161,0.14713004231452942,0.08614304661750793,0.8030644059181213,0.09058314561843872,0.08571493625640869,0.8158766031265259,0.08434578776359558,0.08608344197273254,0.8173478841781616
0.0,0.9172036647796631,0.9063693284988403,0.9956135749816895,0.993899941444397,0.9961299300193787,0.1471906453371048,0.08628237247467041,0.8030861616134644,0.09057164192199707,0.08605781197547913,0.815961480140686,0.0842205286026001,0.08629664778709412,0.8174265027046204
0.0,0.9170510768890381,0.9044250249862671,0.995618999004364,0.9939177632331848,0.9961418509483337,0.14722992479801178,0.08647406101226807,0.803126335144043,0.09060806035995483,0.0863792896270752,0.8160309791564941,0.08404192328453064,0.08681535720825195,0.8175910115242004
0.0,0.9168306589126587,0.9036203026771545,0.995627760887146,0.9939327239990234,0.996151864528656,0.14725849032402039,0.08674174547195435,0.8031895160675049,0.09066402912139893,0.08659234642982483,0.8160698413848877,0.08385974168777466,0.08718201518058777,0.8177187442779541
0.0,0.9167678952217102,0.9032779335975647,0.9956334233283997,0.9939380288124084,0.9961553812026978,0.14733262360095978,0.08702012896537781,0.8032435178756714,0.0906371921300888,0.08712026476860046,0.8162030577659607,0.08370107412338257,0.0873308777809143,0.8177889585494995
